"MIKEsiteID","year.index","mean","sd","X2.5.","X97.5.","Rhat","n.eff","year","Source"
"ALW",1,0.175448115482084,0.084500133043969,0.0482537233024667,0.377326941883872,1.00158039291621,2200,2003,"Drop"
"ALW",2,0.163042453011247,0.0682359613324135,0.0511221615083893,0.313597383579066,1.00068807179151,4500,2004,"Drop"
"ALW",3,0.300998585406571,0.0778212124273541,0.159848520081331,0.461819978168258,1.00075719290393,4500,2005,"Drop"
"ALW",4,0.252548906877056,0.0627454325768765,0.137622609336821,0.38129289603948,1.00153374357714,4500,2006,"Drop"
"ALW",5,0.248263622156299,0.0596651181413303,0.143745164460212,0.373195242625299,1.00209683949792,1400,2007,"Drop"
"ALW",6,0.274226429247128,0.058342304872365,0.166149270789609,0.392601570694796,1.00302324592343,850,2008,"Drop"
"ALW",7,0.296847064589482,0.0534670908765621,0.19699328187985,0.408458078108099,1.00109089356338,4500,2009,"Drop"
"ALW",8,0.361239750384576,0.0571836891975973,0.251594758831304,0.474875649399579,1.00162196198307,2100,2010,"Drop"
"ALW",9,0.220042155427319,0.0467581898847176,0.135036748046168,0.318283230855048,1.00073955809847,4500,2011,"Drop"
"ALW",10,0.249938910726566,0.0523301062936722,0.154902678622273,0.358596813361413,1.00252748603573,1100,2012,"Drop"
"ALW",11,0.264366106343169,0.049485283951825,0.174125423721415,0.364562276079154,1.00240342229105,1200,2013,"Drop"
"ALW",12,0.296057644440585,0.0626069962041781,0.178268626157455,0.422501839978736,1.00128174893478,3200,2014,"Drop"
"ALW",13,0.388079115329916,0.0638045954720304,0.264771228505645,0.514879059976258,1.00097954615824,4500,2015,"Drop"
"ALW",14,0.263136429056341,0.051063557322704,0.169158767005297,0.365189107362453,1.00104783038907,4500,2016,"Drop"
"ALW",15,0.344762191696576,0.0578148918710184,0.235059001326363,0.460359551121501,1.0025776623395,1000,2017,"Drop"
"ALW",16,0.234517693508099,0.11137914452784,0.0586647592874788,0.476371370533107,1.0013317961897,3000,2018,"Drop"
"ALW",17,0.210033800710124,0.111940563785305,0.0450341694713447,0.464101847709429,1.00225161047568,1300,2019,"Drop"
"BBS",1,0.183895814864246,0.0851608782969639,0.0564362232485405,0.382489727294124,1.0008952143833,4500,2003,"Drop"
"BBS",2,0.169247248924002,0.0672077750730315,0.0565751107206526,0.318053840067427,1.0035701369546,690,2004,"Drop"
"BBS",3,0.308598023381544,0.0783074206983143,0.163831259083045,0.469197044453157,1.00107462226593,4500,2005,"Drop"
"BBS",4,0.279672295330236,0.0607502164224587,0.167786811147358,0.403949468122216,1.00082415916689,4500,2006,"Drop"
"BBS",5,0.229033528284985,0.0597467220185875,0.120842998529394,0.350393299495027,1.00542165068701,420,2007,"Drop"
"BBS",6,0.28783166430377,0.0587130372783933,0.17703401620024,0.404428482538289,1.00192642681979,1600,2008,"Drop"
"BBS",7,0.305288285484042,0.0523992956144712,0.209012383874329,0.41000020123342,1.00142738134329,2600,2009,"Drop"
"BBS",8,0.378760915587738,0.057081760402283,0.265337964163702,0.490356189786359,1.00143961724091,2600,2010,"Drop"
"BBS",9,0.236871248317804,0.0491627387171631,0.146054586010946,0.338213110003794,1.00358986156352,690,2011,"Drop"
"BBS",10,0.265976116017132,0.052306372692071,0.17324944674022,0.374268255625402,1.0012605059094,3400,2012,"Drop"
"BBS",11,0.260725543858451,0.049640921070721,0.170895193703988,0.364034508394419,1.00173095572407,1900,2013,"Drop"
"BBS",12,0.308645966320535,0.0623013849061213,0.192163826255551,0.432394912721044,1.00109386127069,4500,2014,"Drop"
"BBS",13,0.397470860004794,0.0629113585996563,0.272478627323735,0.520783380275901,1.00098960909746,4500,2015,"Drop"
"BBS",14,0.271532639515405,0.0503818133047597,0.175236126988257,0.37216005273065,1.00143347730761,2600,2016,"Drop"
"BBS",15,0.350357848133024,0.0568110363275526,0.241654420567856,0.459873727778779,1.00414740715266,580,2017,"Drop"
"BBS",16,0.239625599669842,0.107502572903024,0.0655030900689375,0.473453600003376,1.00074294862381,4500,2018,"Drop"
"BBS",17,0.218199317986023,0.112512779579749,0.0479816636599285,0.480190892935824,1.00106167934032,4500,2019,"Drop"
"CHR",1,0.204180739626959,0.0933560345655965,0.0596697312797299,0.413612754566077,1.00136265485036,2900,2003,"Drop"
"CHR",2,0.190485173269458,0.0748540682106529,0.0671358176695568,0.358804496544893,1.00182878218403,1700,2004,"Drop"
"CHR",3,0.3099821093874,0.0775395025131181,0.166148379664864,0.474073182352719,1.00104035552648,4500,2005,"Drop"
"CHR",4,0.276874088615605,0.0619707673931718,0.160205686289433,0.402344928075017,1.00202730104207,1500,2006,"Drop"
"CHR",5,0.204405212736144,0.0598739177715595,0.0964700103659979,0.327798581118435,1.00692086270763,330,2007,"Drop"
"CHR",6,0.292888187088537,0.0631386310462985,0.176549349040153,0.423061094793219,1.00132183563128,3000,2008,"Drop"
"CHR",7,0.287799800195008,0.0575230759670554,0.180345258598403,0.404934541545053,1.00175242285086,1800,2009,"Drop"
"CHR",8,0.385709599938645,0.0597554294219423,0.268986608382852,0.50375306290295,1.00097479682545,4500,2010,"Drop"
"CHR",9,0.23534575822996,0.0519788702740084,0.138751505090268,0.340624829384315,1.00099940396902,4500,2011,"Drop"
"CHR",10,0.282217792728175,0.0572917295551778,0.176807726782899,0.399464204600951,1.00088913370542,4500,2012,"Drop"
"CHR",11,0.299121733513263,0.0543390979646062,0.197776159592904,0.409610474983613,1.00096692205844,4500,2013,"Drop"
"CHR",12,0.296307652887428,0.0638120401527053,0.173704075616053,0.422535434493343,1.00113946592802,4200,2014,"Drop"
"CHR",13,0.398949902222967,0.0626021997849129,0.277178263994435,0.521804728103289,1.00081145071402,4500,2015,"Drop"
"CHR",14,0.293815773252521,0.0554789663467129,0.187619066553927,0.403647902148272,1.00101413132907,4500,2016,"Drop"
"CHR",15,0.337507156437912,0.0611327207188637,0.221081057606966,0.458571284807279,1.00577604371701,390,2017,"Drop"
"CHR",16,0.239194382710654,0.109183675426767,0.0649959641547354,0.485525238871943,1.00083176132066,4500,2018,"Drop"
"CHR",17,0.219965303656115,0.108677350433062,0.0533700766766252,0.465887508576474,1.00089465109047,4500,2019,"Drop"
"CHU",1,0.195623539878579,0.0895126552346748,0.0595139701067597,0.397095759165431,1.00116344273269,4000,2003,"Drop"
"CHU",2,0.181968578584188,0.0734082430689286,0.061363824793651,0.340954723062385,1.00228117599633,1200,2004,"Drop"
"CHU",3,0.324820551262327,0.0793126193158071,0.177091879710738,0.484461849604257,1.00082334778974,4500,2005,"Drop"
"CHU",4,0.295651532038318,0.0625285110366796,0.178427589034218,0.421716517976427,1.00289537474549,900,2006,"Drop"
"CHU",5,0.275253731886109,0.062285191183975,0.162898283518924,0.406384780972112,1.00252771469075,1100,2007,"Drop"
"CHU",6,0.304629211572938,0.0621322681486301,0.185324071207486,0.427564622245246,1.00100496254149,4500,2008,"Drop"
"CHU",7,0.320799019551001,0.054693917235036,0.217645546914706,0.431232225127357,1.00347233676548,710,2009,"Drop"
"CHU",8,0.387101367146153,0.058274327563212,0.274470269344481,0.503365116960741,1.00342836781189,730,2010,"Drop"
"CHU",9,0.244651824012096,0.049816301159611,0.154326994154404,0.345168542708167,1.00085362347301,4500,2011,"Drop"
"CHU",10,0.280120897549715,0.0545129672950846,0.18036956253392,0.393540631006908,1.00252542814534,1100,2012,"Drop"
"CHU",11,0.284554624128605,0.0519404292882644,0.190499540249467,0.391879745964095,1.00519189339246,440,2013,"Drop"
"CHU",12,0.319507527202126,0.0650074913401366,0.197283005578831,0.450374069199044,1.00357657466382,690,2014,"Drop"
"CHU",13,0.414861340775617,0.0626132867480192,0.295536263544051,0.536863542954397,1.00161451985284,2100,2015,"Drop"
"CHU",14,0.288556727049917,0.0541858641992277,0.188340898111579,0.401057953776175,1.00136137442977,4500,2016,"Drop"
"CHU",15,0.372561373584127,0.0605549949062735,0.257235056132714,0.49349782392744,1.00144241636737,2600,2017,"Drop"
"CHU",16,0.252938536629617,0.113580093835103,0.0682215867756001,0.499735955285061,1.0006701303182,4500,2018,"Drop"
"CHU",17,0.231007107511909,0.117686685959425,0.0541465289738574,0.499807413184966,1.00193191757043,1600,2019,"Drop"
"CTN",1,0.194791591561873,0.0887253682448319,0.0589283327372503,0.399118678913262,1.00123330101603,3500,2003,"Drop"
"CTN",2,0.180949341017408,0.0709096434958186,0.0633004101814937,0.336517117705056,1.00153543887441,2300,2004,"Drop"
"CTN",3,0.320610386857417,0.0806703030218036,0.175585538227635,0.484194037994065,1.00596189719848,380,2005,"Drop"
"CTN",4,0.2917355636121,0.0619161528404961,0.178419563837811,0.419688262850702,1.00176644192755,1900,2006,"Drop"
"CTN",5,0.266512753104008,0.0610670626874174,0.153526899277232,0.390123484384734,1.00085614575935,4500,2007,"Drop"
"CTN",6,0.304363797499116,0.060595623262444,0.188595945142756,0.424342372243685,1.00370589234794,660,2008,"Drop"
"CTN",7,0.329092715212187,0.0557779829911605,0.222177979557878,0.437646031289397,1.00130463172785,3100,2009,"Drop"
"CTN",8,0.386611477327432,0.057979113758154,0.275682818750605,0.500867963313718,1.00134520347934,2900,2010,"Drop"
"CTN",9,0.244821091654893,0.0510854414538398,0.149866501977023,0.350342662265955,1.00070488996147,4500,2011,"Drop"
"CTN",10,0.278098194783609,0.0546153535331356,0.175386775648748,0.387792015191452,1.00312303603393,820,2012,"Drop"
"CTN",11,0.284106996658002,0.0516552134499656,0.186916209555403,0.388202711507211,1.0024874534035,1100,2013,"Drop"
"CTN",12,0.32376190580954,0.0652089907606483,0.196874578259986,0.453163386976103,1.0026377230873,1000,2014,"Drop"
"CTN",13,0.411478820963226,0.0631271151070038,0.287717361372001,0.535683957165108,1.00084258132244,4500,2015,"Drop"
"CTN",14,0.285259755923487,0.053033308766207,0.183551291109758,0.389858242799964,1.00158778101391,2200,2016,"Drop"
"CTN",15,0.363608581911653,0.0575473792334088,0.253651771843439,0.47900316780752,1.00203783278097,1500,2017,"Drop"
"CTN",16,0.245971787430847,0.111968646256322,0.0644689521488997,0.491421867180993,1.00086595551118,4500,2018,"Drop"
"CTN",17,0.227919389649723,0.113347747001281,0.0539597098221871,0.479416844503484,1.00243787018947,1100,2019,"Drop"
"DEO",1,0.19298150408834,0.0894243562969677,0.0574062368132305,0.401417842076119,1.00209597162884,1400,2003,"Drop"
"DEO",2,0.182744584003362,0.072427071121296,0.0636350979152987,0.336566414000609,1.00155737826456,2200,2004,"Drop"
"DEO",3,0.322281324382519,0.079740965916198,0.172823598206767,0.480501655426936,1.00071482539311,4500,2005,"Drop"
"DEO",4,0.300514735123878,0.063668212772512,0.182769156077628,0.429680617650654,1.00261535962662,1000,2006,"Drop"
"DEO",5,0.277150388512895,0.0628127052755419,0.161688722777844,0.403738367719081,1.00103164404835,4500,2007,"Drop"
"DEO",6,0.304803414377156,0.061874382899964,0.186880606638146,0.427391184599705,1.00218912166616,1300,2008,"Drop"
"DEO",7,0.320457557707188,0.0561016463568564,0.214824786776475,0.428575184798247,1.00679071015432,330,2009,"Drop"
"DEO",8,0.385402684091069,0.0574454234644584,0.273779524827753,0.497666809668272,1.00066688927408,4500,2010,"Drop"
"DEO",9,0.24287049794528,0.0503517199627963,0.149250548922232,0.343720875782854,1.00131651711685,3100,2011,"Drop"
"DEO",10,0.281166801735409,0.0546436865820219,0.180972431486156,0.394153272736911,1.00208857498358,1400,2012,"Drop"
"DEO",11,0.287489436301571,0.0521152880152235,0.191460526403014,0.396148862441419,1.00107158292716,4500,2013,"Drop"
"DEO",12,0.322502615672595,0.0647853032579632,0.198834430828628,0.45127751006988,1.00520641426309,440,2014,"Drop"
"DEO",13,0.415789810553628,0.064123084707258,0.290228468883778,0.536080752206288,1.00289216226222,900,2015,"Drop"
"DEO",14,0.284388225231363,0.0532723723311464,0.183110381597988,0.392233471414767,1.00141229152956,2700,2016,"Drop"
"DEO",15,0.368287227318885,0.0588596741523664,0.256278828326696,0.483336517873281,1.00216257096569,1300,2017,"Drop"
"DEO",16,0.249108713507465,0.11077837849122,0.0670819972930533,0.494284538777736,1.00077830306593,4500,2018,"Drop"
"DEO",17,0.22958567696722,0.114658592010566,0.0521016549368213,0.488710047172073,1.00078182075595,4500,2019,"Drop"
"DHG",1,0.193419008648443,0.0881287501018928,0.057259986159371,0.397275826941503,1.00155273429664,2300,2003,"Drop"
"DHG",2,0.148528771371105,0.0703688676688515,0.0400786305415697,0.309741783465625,1.002133149347,2000,2004,"Drop"
"DHG",3,0.330003549285274,0.083352137173074,0.172546769551643,0.495771951038154,1.00109576843445,4500,2005,"Drop"
"DHG",4,0.312568491286701,0.0649138552277851,0.189655384375786,0.442401320056529,1.00119432010402,3800,2006,"Drop"
"DHG",5,0.279227813051053,0.0632308312419384,0.162088844077292,0.409450920455579,1.0028629308428,910,2007,"Drop"
"DHG",6,0.290726897140046,0.0620461275078239,0.173846890215046,0.418221725877839,1.00293258615402,920,2008,"Drop"
"DHG",7,0.326086886194041,0.0567406257542731,0.217804491617592,0.439093467076238,1.00123909739245,3500,2009,"Drop"
"DHG",8,0.378790854497421,0.0597410046925946,0.263534146042639,0.497581681151444,1.00073408539666,4500,2010,"Drop"
"DHG",9,0.254733763152121,0.0521835632563113,0.157690037238124,0.36010063747348,1.00124199700726,3500,2011,"Drop"
"DHG",10,0.299543078962339,0.0595622246151607,0.189617550378743,0.41938613863656,1.00131111591553,3100,2012,"Drop"
"DHG",11,0.29109786694892,0.0547159092339927,0.192271534604398,0.405185490145831,1.00106961366936,4500,2013,"Drop"
"DHG",12,0.333720288702811,0.0666511794051833,0.204834841022712,0.466752613032546,1.00104170162961,4500,2014,"Drop"
"DHG",13,0.392375205814659,0.0687485114453848,0.256839348673771,0.527576649330358,1.00155057213836,2300,2015,"Drop"
"DHG",14,0.257115009292071,0.0551462857399604,0.151613113253801,0.367527227239351,1.00080129053349,4500,2016,"Drop"
"DHG",15,0.359203881766971,0.061524582644002,0.240690412346691,0.480519471216383,1.00107563719456,4500,2017,"Drop"
"DHG",16,0.252252715566654,0.114097647267915,0.0680955348435596,0.508550697338184,1.00153834116524,2300,2018,"Drop"
"DHG",17,0.220286098271221,0.11122670011607,0.0507846723799951,0.470228416214444,1.00071189104419,4500,2019,"Drop"
"EDO",1,0.195693585832317,0.0869900761944996,0.0569512471725569,0.393522292102204,1.00109816896683,4500,2003,"Drop"
"EDO",2,0.203807354790747,0.0789166263472059,0.0701303929160101,0.374912007317684,1.00087523295566,4500,2004,"Drop"
"EDO",3,0.353236126338506,0.0866848497096936,0.191337238664058,0.527891866533962,1.00177106148386,1800,2005,"Drop"
"EDO",4,0.319049124139493,0.0651755969364215,0.19633308027631,0.449840284646948,1.00108195056723,4500,2006,"Drop"
"EDO",5,0.292664174135354,0.0630282618996378,0.169882366304936,0.417647600455738,1.01575664268992,150,2007,"Drop"
"EDO",6,0.322101278690798,0.0620368558156733,0.203657071034713,0.445122913739863,1.00128250626305,3200,2008,"Drop"
"EDO",7,0.339057697670036,0.0581014039363989,0.228324670836117,0.453283885432831,1.00077833795943,4500,2009,"Drop"
"EDO",8,0.379384643944458,0.0600028296174927,0.261160566299678,0.497806675298401,1.00072250627191,4500,2010,"Drop"
"EDO",9,0.256430245559845,0.0514699203932803,0.16280311077852,0.361520776998113,1.00209365405538,1400,2011,"Drop"
"EDO",10,0.283737017711814,0.0560507688726827,0.17998311365532,0.394924766408164,1.00086257338824,4500,2012,"Drop"
"EDO",11,0.258483584237705,0.0517386272006777,0.164297491846722,0.3619652644316,1.00282130928341,930,2013,"Drop"
"EDO",12,0.297276984802186,0.0676967873888452,0.165962479585899,0.428807881538711,1.00577068196041,390,2014,"Drop"
"EDO",13,0.383016102986252,0.0664841902225405,0.252525876162729,0.515158196503182,1.00099606846262,4500,2015,"Drop"
"EDO",14,0.286325973982097,0.0553453676168059,0.180974498695118,0.396459433931448,1.00127557116413,3300,2016,"Drop"
"EDO",15,0.374552930172136,0.0587758260715149,0.261895440257605,0.489054313242153,1.00284448135873,920,2017,"Drop"
"EDO",16,0.250559642620778,0.111094001766303,0.0666182314507989,0.489257933160216,1.00090427453044,4500,2018,"Drop"
"EDO",17,0.23205824026871,0.113591174714144,0.0568569094178795,0.486829077819051,1.00102591060619,4500,2019,"Drop"
"GMS",1,0.187926195741019,0.0848586125728,0.0557361242271623,0.380311993679385,1.00125590065418,3400,2003,"Drop"
"GMS",2,0.174126941228129,0.0687219843925081,0.06022561720144,0.323397825377687,1.00301366285126,850,2004,"Drop"
"GMS",3,0.284205550747047,0.0820637910157098,0.134739984369219,0.451702890512511,1.0016957046051,1900,2005,"Drop"
"GMS",4,0.30285013959606,0.0622946839810304,0.189603056717492,0.430756602549226,1.00077204387252,4500,2006,"Drop"
"GMS",5,0.252512348045888,0.0617962451523776,0.13998557734,0.381106655459345,1.00336682066364,740,2007,"Drop"
"GMS",6,0.289595262399854,0.0586603227561096,0.177082024881915,0.405089181793866,1.00174142983239,1900,2008,"Drop"
"GMS",7,0.316199805729508,0.0552107203479871,0.210233112818953,0.426228540274439,1.00136046633872,2900,2009,"Drop"
"GMS",8,0.371142368714302,0.0557512268823212,0.262194608568044,0.477906293360958,1.00155177946026,2300,2010,"Drop"
"GMS",9,0.233737597226393,0.047917214431082,0.14392118186569,0.330461655577684,1.00117551892682,3900,2011,"Drop"
"GMS",10,0.27860927799308,0.0535340858836089,0.176237894917879,0.389686614573736,1.00148712435804,2400,2012,"Drop"
"GMS",11,0.276347680979673,0.0506565913838946,0.183215470246849,0.380440893354698,1.00066574735434,4500,2013,"Drop"
"GMS",12,0.312044297306173,0.0646854613166967,0.193092493542744,0.440505544591576,1.00138987545408,2800,2014,"Drop"
"GMS",13,0.40072022534911,0.0642745068790561,0.275600427589146,0.5272563519425,1.0014638667475,2500,2015,"Drop"
"GMS",14,0.271083758053852,0.0534737608056697,0.169293402040822,0.375690958943074,1.00073936957202,4500,2016,"Drop"
"GMS",15,0.337470488205526,0.0594649623622468,0.221672123942324,0.450499409212942,1.00213298010959,1400,2017,"Drop"
"GMS",16,0.180051762412172,0.105297807128058,0.0290276231393627,0.422952086276351,1.00179172449,1800,2018,"Drop"
"GMS",17,0.279234479725305,0.13878210620793,0.0614310234186268,0.585013278912947,1.00142350040954,2600,2019,"Drop"
"GRO",1,0.239830808286259,0.106324354990084,0.0722358611140878,0.483909548638966,1.00082475875071,4500,2003,"Drop"
"GRO",2,0.186551329375853,0.0779803379253168,0.0548769118807114,0.358029921412048,1.00342087852764,1100,2004,"Drop"
"GRO",3,0.340935947759158,0.0837056417277467,0.186651271182057,0.510144535374139,1.00123420539951,3500,2005,"Drop"
"GRO",4,0.265405451587867,0.0622842473462622,0.147767713645481,0.39418002179248,1.0006675820642,4500,2006,"Drop"
"GRO",5,0.28464860061541,0.065795541889373,0.162985800691289,0.418570702957952,1.01020294476754,230,2007,"Drop"
"GRO",6,0.301993740823939,0.0628985568052212,0.184972280740568,0.428351284148344,1.00158011658784,2200,2008,"Drop"
"GRO",7,0.282234785690536,0.0557988442006674,0.178755043874727,0.394701226215968,1.00160104778261,2100,2009,"Drop"
"GRO",8,0.362375290121722,0.0571652530256014,0.251624717409302,0.475503993133147,1.00103474352429,4500,2010,"Drop"
"GRO",9,0.256342861560695,0.0510597528809884,0.161416250232894,0.360843047542303,1.00102663731772,4500,2011,"Drop"
"GRO",10,0.265953151112127,0.0538513547017033,0.163186209666349,0.37779455206784,1.00584403730574,390,2012,"Drop"
"GRO",11,0.272979426482351,0.0504835651024111,0.180507144020102,0.375240798239564,1.00069201083398,4500,2013,"Drop"
"GRO",12,0.345441438082678,0.0675621200476365,0.213155529938189,0.478803364946979,1.00102617001983,4500,2014,"Drop"
"GRO",13,0.3832770703907,0.0640226849724804,0.259247732741765,0.510900423526245,1.00068283291053,4500,2015,"Drop"
"GRO",14,0.290224995530114,0.0533828114751567,0.18736099628937,0.393653743165926,1.00232805128217,1200,2016,"Drop"
"GRO",15,0.373270128292257,0.0579930026719257,0.260374588323163,0.485356035337317,1.00097838688292,4500,2017,"Drop"
"GRO",16,0.248821161234194,0.108167163961476,0.0726725891962998,0.488317722725273,1.00117162425652,4500,2018,"Drop"
"GRO",17,0.227912042230904,0.111918352708104,0.0536358760452596,0.479763516341769,1.00079043274773,4500,2019,"Drop"
"KLU",1,0.186385885969468,0.0857133429163286,0.0536347998888017,0.384122869290044,1.00099554575684,4500,2003,"Drop"
"KLU",2,0.180853120142592,0.069771036414357,0.0627185457323076,0.331095734858601,1.0006757711605,4500,2004,"Drop"
"KLU",3,0.316573046391036,0.0792124587516553,0.170829203865775,0.478228040054549,1.00089984095603,4500,2005,"Drop"
"KLU",4,0.272545621154365,0.0611311239550703,0.159940805355465,0.397575133009867,1.00185280051362,1700,2006,"Drop"
"KLU",5,0.270087483795262,0.0583115024272498,0.160291365609968,0.387293384389161,1.00150897790058,2400,2007,"Drop"
"KLU",6,0.29634190622297,0.0580908207582327,0.186354012956838,0.410729722041313,1.00150754657082,2400,2008,"Drop"
"KLU",7,0.321977874040842,0.0550885817433977,0.217227543975723,0.432098088600355,1.00117835272676,3900,2009,"Drop"
"KLU",8,0.386791136591202,0.0569911758677012,0.275678297885933,0.501199823992246,1.00103428860403,4500,2010,"Drop"
"KLU",9,0.236895941331329,0.0477376944003179,0.148464523564237,0.333180646288865,1.00302645896323,850,2011,"Drop"
"KLU",10,0.274947341028956,0.0531889179506451,0.174627693614746,0.382515020722421,1.00136263193615,2900,2012,"Drop"
"KLU",11,0.278843716426123,0.04986699979335,0.186127265345525,0.380722908293514,1.00156293045844,2700,2013,"Drop"
"KLU",12,0.329922173216633,0.0642659472441088,0.207650805389999,0.461330236440445,1.00143949985715,2600,2014,"Drop"
"KLU",13,0.419175230958448,0.0650086765952356,0.292077574736992,0.545030054976062,1.00164563391828,2000,2015,"Drop"
"KLU",14,0.290611758077779,0.0548687064454328,0.184374867127862,0.397603404798243,1.00164295303275,2000,2016,"Drop"
"KLU",15,0.346798932144793,0.0589748077064857,0.229446253817735,0.462266861419205,1.00212677019348,1400,2017,"Drop"
"KLU",16,0.223642267864262,0.122355609293972,0.0409509033275458,0.50974204726976,1.00091768163157,4500,2018,"Drop"
"KLU",17,0.00717259177904727,0.0312610629079383,5.18471299710472e-27,0.088816510909008,1.03324194840336,110,2019,"Drop"
"KUI",1,0.190048206674536,0.0869581176208652,0.0563886776062461,0.391504854833065,1.00116578218458,4000,2003,"Drop"
"KUI",2,0.178005296816677,0.0702548766567985,0.0597378181854905,0.331107511965105,1.00178173105022,1800,2004,"Drop"
"KUI",3,0.314877208486065,0.0794158834876646,0.170054250378478,0.47889441025914,1.00089105314449,4500,2005,"Drop"
"KUI",4,0.28889741829811,0.0605771810244329,0.173997887694126,0.410582774474354,1.00136033410775,2900,2006,"Drop"
"KUI",5,0.267089403212407,0.0605202170497599,0.155823078658532,0.393750087459989,1.00097179122612,4500,2007,"Drop"
"KUI",6,0.292486171698932,0.058656397645368,0.180290943409448,0.410759422987113,1.00124350459149,3500,2008,"Drop"
"KUI",7,0.315503285702647,0.0546495109357882,0.211694900980816,0.424412091266327,1.00153504390061,2300,2009,"Drop"
"KUI",8,0.361311534190949,0.0572032147573754,0.249552001683178,0.475761378914264,1.00068438092473,4500,2010,"Drop"
"KUI",9,0.244602253367601,0.0509929939168278,0.152234742682464,0.350275651671251,1.0013843612521,2800,2011,"Drop"
"KUI",10,0.278046102004175,0.0545318303667056,0.176165007385869,0.386881573322937,1.00192995367818,1600,2012,"Drop"
"KUI",11,0.279076715657163,0.050852233771065,0.1842595889148,0.385522879683663,1.0049406987072,470,2013,"Drop"
"KUI",12,0.285876536942831,0.063277566657899,0.165148843909914,0.414279848663976,1.00200646610837,1500,2014,"Drop"
"KUI",13,0.413644173981679,0.0639609785020211,0.289119640787797,0.541459201276417,1.00142163371068,2600,2015,"Drop"
"KUI",14,0.279724547099268,0.0520251801242448,0.179426188186726,0.382299620202324,1.00141940434203,2700,2016,"Drop"
"KUI",15,0.361393569176158,0.0582135785442067,0.250394641983219,0.474331644655964,1.00289332679083,900,2017,"Drop"
"KUI",16,0.286845112230106,0.124366297314428,0.0829194563785786,0.555587719701226,1.00171565226315,1900,2018,"Drop"
"KUI",17,0.253081685892357,0.122655339270459,0.0567753882219195,0.526129882845469,1.00129023009077,3200,2019,"Drop"
"MBJ",1,0.191561755034904,0.0864458080971547,0.0560669809395431,0.38940679331525,1.00123818739898,4000,2003,"Drop"
"MBJ",2,0.207752729936026,0.0791066182673651,0.0729493476545189,0.378473624877554,1.00483592610654,510,2004,"Drop"
"MBJ",3,0.335200106090848,0.089324811428585,0.16648377082687,0.510723773843857,1.00134725115378,2900,2005,"Drop"
"MBJ",4,0.28675209131454,0.0638290138395772,0.167080192458545,0.417929835185693,1.00396133077985,610,2006,"Drop"
"MBJ",5,0.284942581085469,0.0630988598875972,0.168948075926431,0.414155996845024,1.00667421171481,420,2007,"Drop"
"MBJ",6,0.295295913782239,0.0611048341788924,0.182036488887856,0.421009515073906,1.00194665912996,1600,2008,"Drop"
"MBJ",7,0.318456171151665,0.0558330632015433,0.212480167240295,0.433141214007397,1.00134111604216,3000,2009,"Drop"
"MBJ",8,0.372802005757114,0.0580872936254167,0.261629977966352,0.487139451951075,1.00253251752301,1100,2010,"Drop"
"MBJ",9,0.210223889715701,0.0492957020828665,0.120452635023761,0.315580636477421,1.00309297922609,830,2011,"Drop"
"MBJ",10,0.244580617038206,0.0544505376499021,0.146634046195024,0.356187679854281,1.00116289374777,4000,2012,"Drop"
"MBJ",11,0.290119321425731,0.0523288926416042,0.191759815162219,0.395261720671123,1.00082612589577,4500,2013,"Drop"
"MBJ",12,0.33701174337199,0.0676859039905828,0.206633810911777,0.470639754174481,1.00558794668669,410,2014,"Drop"
"MBJ",13,0.451882991273767,0.065552488665284,0.323094045909073,0.577151971766281,1.00086634768063,4500,2015,"Drop"
"MBJ",14,0.313426885665345,0.0554839925877974,0.208818766468188,0.42377424304996,1.00126336719782,3300,2016,"Drop"
"MBJ",15,0.389597135691425,0.0595214959066062,0.274628333529214,0.505821221997299,1.00119314446404,3800,2017,"Drop"
"MBJ",16,0.250570948636823,0.110149089912152,0.0652923855235616,0.489349995659206,1.00083528963301,4500,2018,"Drop"
"MBJ",17,0.237651301664083,0.110836595856179,0.0619111400101009,0.486747073678319,1.00085044843209,4500,2019,"Drop"
"MKR",1,0.180151810037735,0.0833253721397161,0.0522651784718612,0.37668690397367,1.00094105429364,4500,2003,"Drop"
"MKR",2,0.16518068476381,0.0665429461419589,0.0562475601002814,0.308334960095604,1.00097734144874,4500,2004,"Drop"
"MKR",3,0.300250133810482,0.0795831012974819,0.156072036861037,0.464397099101416,1.00105459120751,4500,2005,"Drop"
"MKR",4,0.275797264000959,0.0600847965112361,0.167660019926255,0.400449312471811,1.00082109272853,4500,2006,"Drop"
"MKR",5,0.254005650510686,0.0577048743652584,0.148937284034284,0.373840543739147,1.00285854166863,910,2007,"Drop"
"MKR",6,0.277431460935506,0.0585699363855979,0.168237326368837,0.398055510477926,1.0034262896603,730,2008,"Drop"
"MKR",7,0.300851036449286,0.052674880644011,0.200883840820805,0.406195677565035,1.00272898663711,970,2009,"Drop"
"MKR",8,0.360131059345069,0.0585214281108344,0.248849393898363,0.475184092782525,1.00145116766365,2500,2010,"Drop"
"MKR",9,0.225995863049193,0.048048658287086,0.141375601163831,0.326429185552435,1.00325528490617,770,2011,"Drop"
"MKR",10,0.256167269146297,0.0525031010333072,0.162568799591379,0.366016296777459,1.00275671413068,960,2012,"Drop"
"MKR",11,0.247966358892094,0.0504715461617231,0.154480876528277,0.353288124188688,1.00391420978311,620,2013,"Drop"
"MKR",12,0.297051231198037,0.0636153054113613,0.17512418351544,0.42420615388771,1.00288573408988,900,2014,"Drop"
"MKR",13,0.388279208705918,0.0638756022581009,0.264594363616166,0.515098213167274,1.00093650382201,4500,2015,"Drop"
"MKR",14,0.266141506658231,0.0509433377898603,0.171846093087026,0.370352994874095,1.00096938990776,4500,2016,"Drop"
"MKR",15,0.347426638209391,0.0574760108927635,0.23679355377732,0.459136457127275,1.00329304875497,760,2017,"Drop"
"MKR",16,0.233871219516519,0.109071203540894,0.0611905510654137,0.4810177061371,1.00199686724114,1500,2018,"Drop"
"MKR",17,0.214819460533935,0.111722280368193,0.0473686912512396,0.470395123224748,1.00074032517711,4500,2019,"Drop"
"MYS",1,0.196514283858413,0.0918537203099604,0.0582716917970407,0.406339356195939,1.00080009559316,4500,2003,"Drop"
"MYS",2,0.184045892486703,0.0721135190482373,0.0660858135720389,0.336652333580258,1.00146123935196,2500,2004,"Drop"
"MYS",3,0.335377281925657,0.0952290491468987,0.160372241345102,0.529899412618374,1.00258052181872,1000,2005,"Drop"
"MYS",4,0.282893593982311,0.0639099226608554,0.163258186549218,0.414499759479396,1.00253179195225,1100,2006,"Drop"
"MYS",5,0.258946222579813,0.0672729179997239,0.140034480822032,0.397916596902493,1.0017182905472,1900,2007,"Drop"
"MYS",6,0.273612802971323,0.0651362332871426,0.152964373846887,0.409922376940711,1.00795546757038,280,2008,"Drop"
"MYS",7,0.306917118615205,0.0591988823174336,0.193703163196109,0.424958594109272,1.00319331378435,790,2009,"Drop"
"MYS",8,0.381535502547295,0.0631965690645898,0.257416217466899,0.506637845832221,1.00150024110273,2400,2010,"Drop"
"MYS",9,0.229525275277196,0.0535744283597204,0.134284141366698,0.340362395198374,1.0021059977193,1400,2011,"Drop"
"MYS",10,0.285955967675537,0.0592263729298079,0.177484685089826,0.406995894169907,1.00140258616096,2700,2012,"Drop"
"MYS",11,0.305147779000131,0.0567853517944498,0.202724940375091,0.421159087641673,1.00098493425923,4500,2013,"Drop"
"MYS",12,0.325110664897271,0.0731449220818737,0.184600672707671,0.473781572683048,1.00327066132426,860,2014,"Drop"
"MYS",13,0.417814032641719,0.0704758223724262,0.28060382859323,0.554048507761912,1.00098773271332,4500,2015,"Drop"
"MYS",14,0.285014775076119,0.0576794849985528,0.174651561553759,0.398186739890022,1.0007956600308,4500,2016,"Drop"
"MYS",15,0.392416692706591,0.0656189091610084,0.265239472726141,0.519938546857163,1.00383489507281,630,2017,"Drop"
"MYS",16,0.252266521650099,0.11195830770924,0.0676395330538174,0.497034966186443,1.00090332669576,4500,2018,"Drop"
"MYS",17,0.222060843215896,0.113864031138638,0.0488288452067129,0.480585006665563,1.00111358612991,4500,2019,"Drop"
"NAK",1,0.179817992784072,0.0830261254948537,0.0525479228216312,0.368534972168028,1.0016147758127,2100,2003,"Drop"
"NAK",2,0.168122030520127,0.0676511895585435,0.0576106104129805,0.317468433055908,1.00138208088032,2800,2004,"Drop"
"NAK",3,0.307902314058445,0.0781339354905967,0.162696408620662,0.465939658492045,1.00162799654128,2100,2005,"Drop"
"NAK",4,0.279071560290047,0.060018443396484,0.16871239412592,0.405096462557745,1.00119892896709,3700,2006,"Drop"
"NAK",5,0.257038256600096,0.0582339219943627,0.145438752738029,0.37377492974271,1.00292135177868,890,2007,"Drop"
"NAK",6,0.284460177653732,0.0564760941200491,0.174927819079106,0.398260660913439,1.00077106762815,4500,2008,"Drop"
"NAK",7,0.307048530913241,0.0529124104853211,0.208844202273391,0.41529192985118,1.0007447498748,4500,2009,"Drop"
"NAK",8,0.367588494421044,0.0554907554795412,0.26110890453739,0.478278579159456,1.00067454345369,4500,2010,"Drop"
"NAK",9,0.217294451533792,0.0479405301732329,0.129210681211075,0.31783637514149,1.00282969570073,930,2011,"Drop"
"NAK",10,0.263680133877202,0.052046971378045,0.168695334150976,0.372795286933815,1.0027435289409,960,2012,"Drop"
"NAK",11,0.268572769933627,0.0485975587695465,0.17834689808567,0.367692129883332,1.00265160601527,1000,2013,"Drop"
"NAK",12,0.308356299532335,0.0633829784923133,0.187318874268871,0.435477114985438,1.00234779104531,1200,2014,"Drop"
"NAK",13,0.397225623703228,0.0629410719977554,0.270047816954714,0.516680456911198,1.00140375942689,2700,2015,"Drop"
"NAK",14,0.26853589894413,0.0504047205904568,0.173118021324224,0.369770998941131,1.00340600300013,730,2016,"Drop"
"NAK",15,0.352004925773151,0.0559363308410044,0.244758615503776,0.464413782977003,1.0037547313935,650,2017,"Drop"
"NAK",16,0.236464358874689,0.108556490196552,0.0661349966923278,0.483886538446166,1.00078710391722,4500,2018,"Drop"
"NAK",17,0.216614802446527,0.1101428025814,0.0469580634876421,0.463961430500378,1.00070605801368,4500,2019,"Drop"
"NIL",1,0.200333781731746,0.0928984029038509,0.0567720101633799,0.413647333977001,1.00152150103832,2300,2003,"Drop"
"NIL",2,0.183221934270166,0.0721366876163542,0.0630901026244119,0.339173379551439,1.0025787470339,1000,2004,"Drop"
"NIL",3,0.325802161715323,0.0848711451454349,0.16878907721557,0.502417343017201,1.00181452653984,1700,2005,"Drop"
"NIL",4,0.29839325822661,0.0668178979951641,0.174606014188294,0.437943372390053,1.0007832939525,4500,2006,"Drop"
"NIL",5,0.302974182181092,0.0677590082669254,0.174587988287244,0.440676642974692,1.00274993779828,3700,2007,"Drop"
"NIL",6,0.315799681562345,0.0668935412774131,0.191263388051307,0.450282901796786,1.00076782841491,4500,2008,"Drop"
"NIL",7,0.32605438920184,0.0605618414371719,0.209436078927827,0.446594844645218,1.00334836646826,750,2009,"Drop"
"NIL",8,0.392269915623964,0.0618790304081465,0.27148801020815,0.513140920257408,1.00096933623595,4500,2010,"Drop"
"NIL",9,0.233990201016446,0.0537375162626506,0.137545097225253,0.345139686819297,1.00088866308113,4500,2011,"Drop"
"NIL",10,0.288639891665638,0.0582822165175149,0.183152636294974,0.409526200329922,1.00227215040756,1200,2012,"Drop"
"NIL",11,0.285536862107489,0.0549917375477898,0.187930585498188,0.398705850173038,1.00378339124073,640,2013,"Drop"
"NIL",12,0.319923413808797,0.0723211868223086,0.183699515658431,0.463455656267466,1.00292453743984,890,2014,"Drop"
"NIL",13,0.416807175922672,0.07122775327784,0.279228404407702,0.552433748177339,1.00084180750884,4500,2015,"Drop"
"NIL",14,0.284221443960479,0.0551431231317331,0.180358865104813,0.396340214913398,1.00073200015466,4500,2016,"Drop"
"NIL",15,0.37344549467914,0.0620378542643499,0.248848395332002,0.496011123317343,1.0042953758044,550,2017,"Drop"
"NIL",16,0.253073822560816,0.114029266672509,0.0687616891959899,0.504894583970627,1.00119810311368,3800,2018,"Drop"
"NIL",17,0.222883678641674,0.114179325523306,0.0468396369070172,0.480632010590931,1.00140145844033,2700,2019,"Drop"
"NPH",1,0.136357762471928,0.0782820924036629,0.025838858372106,0.329915032750034,1.00080340474895,4500,2003,"Drop"
"NPH",2,0.161000648993892,0.0685476955295666,0.0502444182190569,0.317420057340255,1.00119294290444,3800,2004,"Drop"
"NPH",3,0.294913878635735,0.0792909769169178,0.15343981165401,0.462693919861952,1.00100625344096,4500,2005,"Drop"
"NPH",4,0.271594436348074,0.0607275935463202,0.158843069618983,0.394058242655612,1.00127925042585,3300,2006,"Drop"
"NPH",5,0.249607510619071,0.0599639657002933,0.143569064863287,0.375754146191534,1.00695111877426,320,2007,"Drop"
"NPH",6,0.265936545945478,0.0605958055810975,0.155388040467049,0.389669973736443,1.00180813181894,1800,2008,"Drop"
"NPH",7,0.283242491790314,0.0554040214968939,0.177400077678408,0.394427195146025,1.00106594463948,4500,2009,"Drop"
"NPH",8,0.358886777659135,0.0575971638357706,0.249948943397302,0.472844631284022,1.00080259012799,4500,2010,"Drop"
"NPH",9,0.208608483441899,0.048789502816464,0.121565962655505,0.313489116605446,1.00157197285472,2200,2011,"Drop"
"NPH",10,0.246611860259458,0.0536231060392954,0.145525223411403,0.35536434757846,1.00153363248701,2300,2012,"Drop"
"NPH",11,0.264227816856653,0.0534795659804688,0.16606137806525,0.376101758779605,1.00825986409931,270,2013,"Drop"
"NPH",12,0.315583614218527,0.066291727179989,0.187053881629194,0.44767378198787,1.00326082193854,770,2014,"Drop"
"NPH",13,0.399600829404868,0.0664472219625381,0.270352872667754,0.526088827010627,1.00074411647427,4500,2015,"Drop"
"NPH",14,0.266543114860154,0.0549825989625287,0.163990928205099,0.376963327276969,1.00135109534532,2900,2016,"Drop"
"NPH",15,0.343576666139497,0.0582791999675905,0.230208521921088,0.459621851284671,1.00145656560282,2500,2017,"Drop"
"NPH",16,0.185236703005465,0.106236168694911,0.0290849365911009,0.42894984393085,1.00215049710459,3100,2018,"Drop"
"NPH",17,0.206737950622216,0.109981520013735,0.0444607405474949,0.464055153305205,1.00209739044593,1400,2019,"Drop"
"SCH",1,0.19495408453078,0.0890098534258564,0.0558082758062784,0.399319002454011,1.00082483900698,4500,2003,"Drop"
"SCH",2,0.179115314492628,0.070431399256884,0.0630580854149836,0.331381327453657,1.00148597719362,2400,2004,"Drop"
"SCH",3,0.319070990150659,0.0782310614677848,0.17042184756936,0.474526692189494,1.00132490674277,3000,2005,"Drop"
"SCH",4,0.292103611819101,0.0607320272231025,0.179043652645368,0.411284642311233,1.00181588453986,1700,2006,"Drop"
"SCH",5,0.272819360366542,0.0600097069903218,0.159865871950831,0.394759082967284,1.0063270814314,360,2007,"Drop"
"SCH",6,0.300839688666135,0.0594513037438951,0.191410198170714,0.419351900862017,1.00333325110118,750,2008,"Drop"
"SCH",7,0.324696505175941,0.0559482041038087,0.22083470660778,0.436691555381965,1.00181854131958,1700,2009,"Drop"
"SCH",8,0.38226578641341,0.0562618436496898,0.274146377849683,0.492285917405818,1.00074627512302,4500,2010,"Drop"
"SCH",9,0.246663845316141,0.0508851063739866,0.151770090402704,0.349097674870143,1.00340634987361,730,2011,"Drop"
"SCH",10,0.276196737683586,0.0533850924087552,0.176326306792686,0.385581442712296,1.00170851231466,1900,2012,"Drop"
"SCH",11,0.282021363041191,0.0496001212226984,0.188283420342829,0.381659698008253,1.00170328147174,1900,2013,"Drop"
"SCH",12,0.322944350128247,0.0630654107116844,0.203078458623048,0.450752187967799,1.0019543684267,1600,2014,"Drop"
"SCH",13,0.409982941825298,0.0627502910444369,0.285847602527598,0.530293539363666,1.00211057788533,1400,2015,"Drop"
"SCH",14,0.28236599595527,0.0517819188606055,0.186181366379809,0.385496169933813,1.00134025848794,3000,2016,"Drop"
"SCH",15,0.360113175240066,0.0574467118350756,0.245749631031678,0.471111452270982,1.00179142875416,1800,2017,"Drop"
"SCH",16,0.246351372687147,0.111336903379431,0.063066854115447,0.496643363666566,1.00081158588172,4500,2018,"Drop"
"SCH",17,0.227922160529078,0.1127710831247,0.0533889180377855,0.479025375271872,1.00115111491321,4100,2019,"Drop"
"SHW",1,0.181123943217123,0.0833337189278733,0.0498054312753898,0.373790318387545,1.00080095856621,4500,2003,"Drop"
"SHW",2,0.169134199893904,0.0668223345351928,0.0585844166096496,0.315641892186826,1.00154802226594,2300,2004,"Drop"
"SHW",3,0.308805553268101,0.0784975485241622,0.165641165804538,0.471371264242451,1.00123378224306,3500,2005,"Drop"
"SHW",4,0.302769192868986,0.0620623490531225,0.187370132194859,0.425183326395362,1.00128296848659,3200,2006,"Drop"
"SHW",5,0.258234920588369,0.0598387630637582,0.147133738068002,0.380089959393066,1.00308472799925,1000,2007,"Drop"
"SHW",6,0.288021070627257,0.0582861158720169,0.179592865111855,0.406666685112659,1.00210884837081,1400,2008,"Drop"
"SHW",7,0.295549963246464,0.0542487941560387,0.19194956254192,0.405255670696605,1.00290533906472,900,2009,"Drop"
"SHW",8,0.366105217668235,0.0554365396505844,0.259180931505953,0.476265513980569,1.0014275961931,2600,2010,"Drop"
"SHW",9,0.22942527516306,0.0473935159017791,0.142654746671002,0.326326176026618,1.00127137967777,3300,2011,"Drop"
"SHW",10,0.264055409893939,0.054809588166,0.165366310831303,0.375481601002629,1.00127373105518,3300,2012,"Drop"
"SHW",11,0.254987903865746,0.0513194548583761,0.160509031945024,0.361096089728628,1.00270637418195,980,2013,"Drop"
"SHW",12,0.309428389654521,0.0626946648286197,0.191297818920812,0.431626339726023,1.00271430587211,980,2014,"Drop"
"SHW",13,0.393947611488955,0.063485124940601,0.27194255545044,0.518860011369163,1.001307291709,3100,2015,"Drop"
"SHW",14,0.270492538960878,0.0524206554906869,0.173198793106141,0.376732256789743,1.00131827185563,3100,2016,"Drop"
"SHW",15,0.353865115365527,0.0579260167280259,0.242668593891378,0.468615546543103,1.00096826018228,4500,2017,"Drop"
"SHW",16,0.239272761968157,0.108962216944106,0.0652668974470086,0.477365804453112,1.00218696776654,1300,2018,"Drop"
"SHW",17,0.219236494660489,0.111462231825776,0.0501199059246275,0.476575063915471,1.0009374918105,4500,2019,"Drop"
"SKP",1,0.2027825703142,0.092639692093823,0.0597564609644696,0.417947769656936,1.00173845547851,1900,2003,"Drop"
"SKP",2,0.190179738861149,0.0729572862821135,0.0676023126180986,0.345048507001373,1.00287745679078,1700,2004,"Drop"
"SKP",3,0.320181968214964,0.0800850776905718,0.173247477468322,0.479336117264089,1.0008390982078,4500,2005,"Drop"
"SKP",4,0.297387269629944,0.0624142009610943,0.179130845119403,0.42344093075802,1.00096763305063,4500,2006,"Drop"
"SKP",5,0.268279556125267,0.0599299874753954,0.158378162308958,0.389732596146983,1.01891507704456,120,2007,"Drop"
"SKP",6,0.29050063379104,0.0620072602970855,0.174521361028983,0.415109728134064,1.00122932168187,3500,2008,"Drop"
"SKP",7,0.325662480232895,0.0570231259039318,0.217641107875744,0.442182381005467,1.00304611253389,1000,2009,"Drop"
"SKP",8,0.385264114093444,0.0584863506376894,0.269524947266477,0.500339408530615,1.00159581287578,2200,2010,"Drop"
"SKP",9,0.245541764740506,0.0493403113961727,0.151701518436468,0.346244397143612,1.00221219489924,1300,2011,"Drop"
"SKP",10,0.276846251863414,0.0528145225832776,0.177026752819679,0.382519504941496,1.00095687209149,4500,2012,"Drop"
"SKP",11,0.286610634687281,0.052259362127552,0.185654387813597,0.391828241022029,1.00579356918343,390,2013,"Drop"
"SKP",12,0.32334427071706,0.0646767245667018,0.198185988219844,0.450866499331062,1.00159868620884,2100,2014,"Drop"
"SKP",13,0.393724728353401,0.064895624606831,0.268782484284237,0.518658882892904,1.00110274673805,4500,2015,"Drop"
"SKP",14,0.292142394639477,0.0551670697428565,0.189385399702308,0.40396226993342,1.00115729900182,4100,2016,"Drop"
"SKP",15,0.34632915854976,0.0585000132522106,0.233662501539628,0.465377366273853,1.00105766826813,4500,2017,"Drop"
"SKP",16,0.276615859113806,0.123101529588955,0.0763330983508158,0.547769913497881,1.00073493320541,4500,2018,"Drop"
"SKP",17,0.244558127328257,0.124090963014384,0.0543740217282242,0.527696318460554,1.00097386550008,4500,2019,"Drop"
"SVK",1,0.196330255556182,0.0909012504528509,0.0549935176027575,0.401546713503702,1.00134251935185,3000,2003,"Drop"
"SVK",2,0.185862156889237,0.0735190747038834,0.0617475588026769,0.344580667203631,1.00151600660227,2400,2004,"Drop"
"SVK",3,0.329442088108319,0.0839426504751691,0.177467058408168,0.499027460531712,1.00157400648273,2200,2005,"Drop"
"SVK",4,0.297135178973981,0.0668107068554341,0.172436513842,0.432155054251655,1.00136875284523,2800,2006,"Drop"
"SVK",5,0.278484412465517,0.0630133187435329,0.162832008251742,0.408487576919136,1.00080494565649,4500,2007,"Drop"
"SVK",6,0.320813238026301,0.064763666328781,0.197383711636949,0.451219087752611,1.00174418920112,1900,2008,"Drop"
"SVK",7,0.338869112810535,0.0585404684493441,0.22816893544746,0.454220582840037,1.00266182146258,1000,2009,"Drop"
"SVK",8,0.400343684886443,0.0600119737042154,0.28681047232496,0.518774372087034,1.00104612803042,4500,2010,"Drop"
"SVK",9,0.255636591945007,0.0523595324236914,0.158996074357014,0.364044281789256,1.00299225025253,860,2011,"Drop"
"SVK",10,0.290002064770242,0.0567060040395235,0.183514826064449,0.402245437694844,1.00380613359793,640,2012,"Drop"
"SVK",11,0.300783423686403,0.0538421972818691,0.20123150712947,0.410007431973941,1.00123919003409,3500,2013,"Drop"
"SVK",12,0.305977156704288,0.0683058524387474,0.178143668611455,0.441508794582722,1.00083020617368,4500,2014,"Drop"
"SVK",13,0.393671254901622,0.0684044700180128,0.264903389008803,0.527852775752081,1.00114669057995,4200,2015,"Drop"
"SVK",14,0.266211385832551,0.054479070642945,0.165036371333398,0.375090480593482,1.00228918026631,1200,2016,"Drop"
"SVK",15,0.358913764543021,0.0625205243535232,0.235739658274379,0.483009216732016,1.00191046810224,1600,2017,"Drop"
"SVK",16,0.24765071616545,0.115815825566662,0.0635353278596074,0.508596256203378,1.00088377776503,4500,2018,"Drop"
"SVK",17,0.227014596295166,0.114227073415194,0.0546042532599093,0.486935059209872,1.00201859349998,1500,2019,"Drop"
"WAY",1,0.296520240150954,0.124740525941869,0.0923837201615135,0.57119712460342,1.00081710687625,4500,2003,"Drop"
"WAY",2,0.15372155746925,0.0703840408072065,0.044186006228427,0.317344905570373,1.00323650410841,780,2004,"Drop"
"WAY",3,0.304644694094448,0.0787724601662858,0.160060336675435,0.46401372524749,1.00171642611142,3500,2005,"Drop"
"WAY",4,0.277126894199813,0.0601775685887625,0.165403040806291,0.400422654556596,1.00108136844739,4500,2006,"Drop"
"WAY",5,0.253495339730527,0.0576194016829111,0.148040679872554,0.372550222065532,1.00139077488445,2800,2007,"Drop"
"WAY",6,0.284975103873887,0.0603236752566795,0.171477829705711,0.406250999953627,1.00319367329407,890,2008,"Drop"
"WAY",7,0.304959899902234,0.0552133419170006,0.198693518100481,0.414513728906996,1.00068163516482,4500,2009,"Drop"
"WAY",8,0.355537100587667,0.0570969537099097,0.247203968763631,0.467015710728466,1.00068078090585,4500,2010,"Drop"
"WAY",9,0.212098492283787,0.0500606990214382,0.121082579277727,0.31601294064096,1.00220829915043,1300,2011,"Drop"
"WAY",10,0.252308942139448,0.0539501832046362,0.154793545929397,0.36254930770064,1.00537962331068,430,2012,"Drop"
"WAY",11,0.267571757941775,0.050180652385083,0.175630021950816,0.370997399594416,1.00162201965785,2100,2013,"Drop"
"WAY",12,0.307949651499822,0.0632634781953043,0.187879245289042,0.437452316835572,1.00153628269329,2300,2014,"Drop"
"WAY",13,0.393098775801979,0.0637717713845609,0.270691787119316,0.518065299408058,1.00080418807843,4500,2015,"Drop"
"WAY",14,0.267223591169816,0.0511279108896727,0.170542017184181,0.368164760575593,1.00128278402699,3200,2016,"Drop"
"WAY",15,0.347713355370503,0.0584295786851611,0.235077266551966,0.463473422271469,1.00981100363216,220,2017,"Drop"
"WAY",16,0.242710580275161,0.110420926744653,0.0665470794038636,0.483126435455368,1.00162121062028,2100,2018,"Drop"
"WAY",17,0.256204924359139,0.127160274043498,0.0596150761046877,0.543604557884169,1.0017938648025,1800,2019,"Drop"
"WPT",1,0.188751054518144,0.0857451820922784,0.0548207200121956,0.384229199201835,1.00070370895322,4500,2003,"Drop"
"WPT",2,0.176997921013673,0.0710236796144838,0.0589368162597926,0.333842104293798,1.00202163019048,1500,2004,"Drop"
"WPT",3,0.312672150880871,0.0806499285063856,0.166277598379175,0.480894074146335,1.00108530095075,4500,2005,"Drop"
"WPT",4,0.289264056919817,0.0598238320283382,0.175599360154466,0.411479215557972,1.00119347432142,3800,2006,"Drop"
"WPT",5,0.261335941639903,0.0606650209639434,0.150039200416313,0.383992804160498,1.00510360467041,450,2007,"Drop"
"WPT",6,0.292120343565217,0.0595156191884701,0.181147203081888,0.412469026979952,1.00184949791158,2200,2008,"Drop"
"WPT",7,0.311193572173775,0.0535398488618443,0.207657137788357,0.41706124891348,1.00071072815651,4500,2009,"Drop"
"WPT",8,0.372070361423575,0.0561923017154205,0.263867492708925,0.482991290026484,1.00143003770766,2600,2010,"Drop"
"WPT",9,0.234894422648506,0.0490597264996604,0.144024208240395,0.33690283565231,1.00179496633896,1800,2011,"Drop"
"WPT",10,0.27348672032598,0.0527943033142339,0.175364982738489,0.379560419814425,1.00105466487155,4500,2012,"Drop"
"WPT",11,0.275798546314814,0.0505796602511933,0.185132126984794,0.380560414382929,1.00077415328311,4500,2013,"Drop"
"WPT",12,0.315690485037516,0.0636821588397412,0.195039428447431,0.441523529328674,1.00191259424202,1600,2014,"Drop"
"WPT",13,0.402837323675003,0.0633795342562437,0.27831967578574,0.529765317417734,1.00086150133773,4500,2015,"Drop"
"WPT",14,0.279109134846314,0.0561134076367478,0.169575718843767,0.388359944042233,1.0006773952233,4500,2016,"Drop"
"WPT",15,0.345795644159321,0.0613446362427046,0.222909490370905,0.464326784898155,1.00377502758246,650,2017,"Drop"
"WPT",16,0.241924381484972,0.109099361196491,0.0651325215225115,0.48232898844866,1.0008790866052,4500,2018,"Drop"
"WPT",17,0.220631248519314,0.111050426636578,0.0498074286914097,0.469642460959964,1.00113262715226,4300,2019,"Drop"
"WYD",1,0.196251020044036,0.0904150221253891,0.0568864479136876,0.399757275693687,1.00069264261342,4500,2003,"Drop"
"WYD",2,0.183874181875844,0.0720408639509497,0.0646987034345096,0.340184497255751,1.00196720794442,2000,2004,"Drop"
"WYD",3,0.307578286807877,0.0827976557735736,0.155123068537105,0.479213268319048,1.001349051129,2900,2005,"Drop"
"WYD",4,0.300598688028183,0.0624393582163595,0.185029233542245,0.426805925988093,1.00132117160009,3100,2006,"Drop"
"WYD",5,0.281819242665642,0.0632458297796967,0.164730295496462,0.408888287292002,1.0012961086305,3200,2007,"Drop"
"WYD",6,0.314178882890775,0.0617797192906108,0.198684626046611,0.439620386051329,1.00498841224111,460,2008,"Drop"
"WYD",7,0.331688349744344,0.0574276449985442,0.220040912946177,0.44818730138991,1.0020636937863,1400,2009,"Drop"
"WYD",8,0.383330475015361,0.0587760486603477,0.267867215571145,0.496267792161003,1.0012795544189,4100,2010,"Drop"
"WYD",9,0.2519602620498,0.0515811867144966,0.153862564324458,0.35556886146996,1.00209046890861,1400,2011,"Drop"
"WYD",10,0.291939137928519,0.0558593889748697,0.187615780071085,0.40614696589996,1.00233643156354,1200,2012,"Drop"
"WYD",11,0.294230549346829,0.0521717768792406,0.197629738347715,0.40094063171891,1.00076015144143,4500,2013,"Drop"
"WYD",12,0.345340880856399,0.0679226105965247,0.219832432207949,0.482851419076909,1.00085092259882,4500,2014,"Drop"
"WYD",13,0.424224621081761,0.0675744432598458,0.289416352583648,0.556883400545204,1.00102422198357,4500,2015,"Drop"
"WYD",14,0.248689263578397,0.0532405505176389,0.150117059722257,0.355527812441798,1.00091010708986,4500,2016,"Drop"
"WYD",15,0.386809508344172,0.0597314664919688,0.270654984604263,0.503146370406312,1.0007379482103,4500,2017,"Drop"
"WYD",16,0.249168782637247,0.114489738917984,0.0642004742491502,0.505763051046948,1.00171611140807,1900,2018,"Drop"
"WYD",17,0.231559061261972,0.11514780551422,0.0545337342170853,0.492284091948279,1.00068797963321,4500,2019,"Drop"
"XBN",1,0.06141300323481,0.0567482335736059,0.00154812876519286,0.21058436004909,1.00154701463125,2300,2003,"Drop"
"XBN",2,0.15024088461751,0.0722680476861403,0.0368486085267028,0.313258608074816,1.00072295940793,4500,2004,"Drop"
"XBN",3,0.274707680214933,0.0833010381487938,0.124680935680628,0.45022404129661,1.00113441974823,4300,2005,"Drop"
"XBN",4,0.279856199342863,0.0617917154574809,0.163767031246997,0.404836996698922,1.00334582467875,750,2006,"Drop"
"XBN",5,0.244095184179175,0.0584607886880265,0.136862938951013,0.363131209536139,1.00066747528316,4500,2007,"Drop"
"XBN",6,0.282005446586014,0.06186550980795,0.165241857188087,0.408233509117964,1.0036785482813,670,2008,"Drop"
"XBN",7,0.310757550206962,0.057047073271,0.203374844498005,0.424933649945567,1.00286208597376,910,2009,"Drop"
"XBN",8,0.364591179508571,0.0575714164008372,0.251986008412829,0.479663699493583,1.00082263224182,4500,2010,"Drop"
"XBN",9,0.252000570979013,0.0525390869923788,0.155239501110133,0.36220807673728,1.00175162023447,1800,2011,"Drop"
"XBN",10,0.265231201493495,0.0532816302796267,0.166028028999767,0.376116183000135,1.00708674666965,310,2012,"Drop"
"XBN",11,0.266913474707996,0.0487074964737448,0.177679498670629,0.365625273488277,1.00232932488239,1200,2013,"Drop"
"XBN",12,0.312187585990184,0.065152387626662,0.187554957330493,0.441275851809136,1.0006944941329,4500,2014,"Drop"
"XBN",13,0.432215662188497,0.0632992935487908,0.304648454562668,0.553638942423492,1.00084871780074,4500,2015,"Drop"
"XBN",14,0.272754658064296,0.0513398424036145,0.174272817797816,0.371918386265129,1.00095703862425,4500,2016,"Drop"
"XBN",15,0.353356239557037,0.0559874719504021,0.243051866768224,0.466434490147373,1.00086766398621,4500,2017,"Drop"
"XBN",16,0.319267752854287,0.135460226028273,0.0937616131857199,0.608818187921214,1.00117839248805,3900,2018,"Drop"
"XBN",17,0.222317483855968,0.109049420752953,0.0552704266301414,0.46352420712992,1.00079260929265,4500,2019,"Drop"
"YAL",1,0.192435880903796,0.0871763059027092,0.055693625020794,0.395021844377019,1.0017069003452,1900,2003,"Drop"
"YAL",2,0.180109264914083,0.0697456938409263,0.0607808571822073,0.328760255344634,1.00177513042009,1800,2004,"Drop"
"YAL",3,0.321026659474916,0.078575437325659,0.175478145096837,0.481800548917357,1.0007279049459,4500,2005,"Drop"
"YAL",4,0.292280938290547,0.0605915693561761,0.180307902229457,0.417521580710247,1.00074106840469,4500,2006,"Drop"
"YAL",5,0.269140975219497,0.0629935339819368,0.154555948443007,0.400801193438483,1.00438623329922,630,2007,"Drop"
"YAL",6,0.300858594526512,0.0594487951362802,0.184613630411759,0.418279952391844,1.0032657087037,770,2008,"Drop"
"YAL",7,0.320697461469727,0.0549608553250662,0.217590082077881,0.428766877726001,1.00119331212899,3800,2009,"Drop"
"YAL",8,0.379256976369063,0.0569583740536097,0.268325199268131,0.491282230544608,1.00115134750075,4100,2010,"Drop"
"YAL",9,0.240153653858498,0.0496935908668496,0.147721499171963,0.340097886732561,1.00066791511795,4500,2011,"Drop"
"YAL",10,0.279953627185839,0.0536407000784397,0.177881883851377,0.386820927145327,1.00320160718974,790,2012,"Drop"
"YAL",11,0.281886790776459,0.0512506181103875,0.186740326216533,0.386114264799706,1.00371793743173,700,2013,"Drop"
"YAL",12,0.31908921541582,0.0638525871442745,0.196891335217036,0.443212680596354,1.00110352627856,4500,2014,"Drop"
"YAL",13,0.410783626882036,0.0632161018281419,0.281696574563368,0.532794784285393,1.00211078143598,1400,2015,"Drop"
"YAL",14,0.293661657923767,0.0543525408680301,0.191211885723109,0.40415067366559,1.00104771778496,4500,2016,"Drop"
"YAL",15,0.358427774256562,0.0609526753047399,0.239785710323537,0.478321145799746,1.00173256172968,1900,2017,"Drop"
"YAL",16,0.249585965536025,0.1131834852246,0.0671372399226834,0.508369111656106,1.00099899541272,4500,2018,"Drop"
"YAL",17,0.226554018829609,0.114714412927745,0.0516892888768277,0.488698730064886,1.00157820023598,2200,2019,"Drop"
