"year.index","mean","sd","X2.5.","X97.5.","Rhat","n.eff","year","Source","se","Region"
1,0.412376813584715,0.0848807204537529,0.256450545094575,0.586951255517608,1.0007282014191,4500,2003,"anti-logit Year eff",NA,"Africa"
2,0.419352974143912,0.0796038344284308,0.265929113305939,0.576393627098513,1.00177090888486,1800,2004,"anti-logit Year eff",NA,"Africa"
3,0.374591784219512,0.0825811229208216,0.222950197023348,0.549135371871171,1.00088545130965,4500,2005,"anti-logit Year eff",NA,"Africa"
4,0.410862851265381,0.0872181368125183,0.248749341173042,0.586541128172136,1.00142403975596,2600,2006,"anti-logit Year eff",NA,"Africa"
5,0.440167617905334,0.0866871237727859,0.273830027022958,0.61247339116424,1.00078827934408,4500,2007,"anti-logit Year eff",NA,"Africa"
6,0.58446888926767,0.0849409694672803,0.41091363240471,0.741314132304648,1.00131423600167,3100,2008,"anti-logit Year eff",NA,"Africa"
7,0.562028212605326,0.0823330015894557,0.396442034771351,0.717342904032357,1.0023971700067,1200,2009,"anti-logit Year eff",NA,"Africa"
8,0.539771505014403,0.0817765435721622,0.379706475498161,0.696520086621399,1.00165077970501,2000,2010,"anti-logit Year eff",NA,"Africa"
9,0.77390914047655,0.0569920785464682,0.649673975713555,0.871416034709445,1.00111012499522,4500,2011,"anti-logit Year eff",NA,"Africa"
10,0.743591221205931,0.0617224728356258,0.610167137693194,0.850736344954513,1.00136149216545,2900,2012,"anti-logit Year eff",NA,"Africa"
11,0.660482726621731,0.0718488839359731,0.507838565914404,0.789409412964143,1.00111777514847,4400,2013,"anti-logit Year eff",NA,"Africa"
12,0.749178241445902,0.0629608739609971,0.613962453023153,0.857031317510274,1.00108573931612,4500,2014,"anti-logit Year eff",NA,"Africa"
13,0.705650227741353,0.0674438603992695,0.563160976003568,0.823207543562916,1.00083229413443,4500,2015,"anti-logit Year eff",NA,"Africa"
14,0.690794117204353,0.0714034483080762,0.536761633503164,0.81403776090828,1.00134371770543,2900,2016,"anti-logit Year eff",NA,"Africa"
15,0.624326596021465,0.0750401454357281,0.46593087316632,0.761201703256442,1.00070320644998,4500,2017,"anti-logit Year eff",NA,"Africa"
16,0.563529931926194,0.0773048577235019,0.408661499507691,0.708428577753319,1.00317827626333,800,2018,"anti-logit Year eff",NA,"Africa"
17,0.353792053699684,0.0723030463360502,0.225034687165612,0.503347619393966,1.00097427071653,4500,2019,"anti-logit Year eff",NA,"Africa"
1,0.437127530387319,0.0353542734530205,0.36765346517282,0.508528859612308,1.00072527301189,4500,2003,"MM.p.uw",NA,"Africa"
2,0.459481654385004,0.0318405319616642,0.397309314207221,0.521206860293217,1.0018875644299,1600,2004,"MM.p.uw",NA,"Africa"
3,0.423332336783598,0.0354621560087577,0.355010777756856,0.492908731206101,1.0015425736931,2300,2005,"MM.p.uw",NA,"Africa"
4,0.452464268148402,0.0385833485820601,0.377027221875463,0.528625145661773,1.0033907399913,740,2006,"MM.p.uw",NA,"Africa"
5,0.457612317869551,0.0377655988027762,0.384513176458061,0.530817379763697,1.00175737642736,1800,2007,"MM.p.uw",NA,"Africa"
6,0.556154443228077,0.0326464490148726,0.490598087628211,0.619142507808884,1.00173791784165,1900,2008,"MM.p.uw",NA,"Africa"
7,0.541165477422554,0.0300936397681521,0.481532860960423,0.599376467537265,1.0010532448827,4500,2009,"MM.p.uw",NA,"Africa"
8,0.531341174797586,0.0297909541445091,0.473999672635107,0.590136824422325,1.00076700633281,4500,2010,"MM.p.uw",NA,"Africa"
9,0.695552376716947,0.0244010769390008,0.645214277618338,0.741456523157361,1.00513005693698,450,2011,"MM.p.uw",NA,"Africa"
10,0.661870625837085,0.0237200458101672,0.613120571623984,0.706355753441388,1.00296305936487,870,2012,"MM.p.uw",NA,"Africa"
11,0.616405837738108,0.0249085172832443,0.567005755612579,0.664835597184438,1.00146821778876,2500,2013,"MM.p.uw",NA,"Africa"
12,0.655555128306955,0.0256733840614253,0.603052577465302,0.703609386759494,1.00108678440865,4500,2014,"MM.p.uw",NA,"Africa"
13,0.633489956900194,0.0264417029447374,0.580979029611165,0.684833825069297,1.00152729483271,2300,2015,"MM.p.uw",NA,"Africa"
14,0.621175845786953,0.0265533423257563,0.567487018722333,0.671701878406347,1.00187846499682,1700,2016,"MM.p.uw",NA,"Africa"
15,0.575743719411485,0.0273218106235934,0.522292967720264,0.628023751520872,1.00075666355949,4500,2017,"MM.p.uw",NA,"Africa"
16,0.543902415190627,0.0234259756114986,0.496829295499925,0.588883050054628,1.0033665443602,740,2018,"MM.p.uw",NA,"Africa"
17,0.413568151869472,0.0270051404866457,0.359637085994361,0.466090095000205,1.00129380605436,3200,2019,"MM.p.uw",NA,"Africa"
1,0.334620597937305,0.036171074417098,0.267569675015455,0.409785550015497,1.00080549887606,4500,2003,"MM.p.w",NA,"Africa"
2,0.365378353213293,0.0323157778084475,0.306289847879716,0.43285323765047,1.00175530511277,1800,2004,"MM.p.w",NA,"Africa"
3,0.410069684820015,0.0405043256816035,0.330760849867435,0.488686614880366,1.00161536016928,2100,2005,"MM.p.w",NA,"Africa"
4,0.473013821265401,0.0345544770450116,0.402988396976266,0.537646295939763,1.00300207165878,860,2006,"MM.p.w",NA,"Africa"
5,0.441192454052704,0.0337387069934668,0.375875170010637,0.51088530162513,1.0007648579228,4500,2007,"MM.p.w",NA,"Africa"
6,0.486119227878457,0.032771985091506,0.427731607595637,0.552152244370209,1.00123006307694,3500,2008,"MM.p.w",NA,"Africa"
7,0.447146976541873,0.0346772813480121,0.379129371840662,0.514251725157239,1.00066680449569,4500,2009,"MM.p.w",NA,"Africa"
8,0.535467145672322,0.0245741149051784,0.486575146211725,0.582271950535655,1.0032614786154,770,2010,"MM.p.w",NA,"Africa"
9,0.674245227079005,0.0166071677754637,0.640840773259314,0.705390117359542,1.00688584556431,320,2011,"MM.p.w",NA,"Africa"
10,0.583125642050046,0.0155296049092245,0.55196265326516,0.612458862982085,1.00599916138684,380,2012,"MM.p.w",NA,"Africa"
11,0.520050037282481,0.0183099802430262,0.482737790389848,0.5536869576916,1.00102979573946,4500,2013,"MM.p.w",NA,"Africa"
12,0.56247313480063,0.0176034638329402,0.526693253740409,0.596379545325024,1.0055361904526,410,2014,"MM.p.w",NA,"Africa"
13,0.558449189732911,0.0169373577161311,0.523341030121682,0.590317259158209,1.00341233912386,730,2015,"MM.p.w",NA,"Africa"
14,0.460725879558442,0.0176985881326149,0.42493794108767,0.494261355751327,1.00110675278761,4500,2016,"MM.p.w",NA,"Africa"
15,0.43688941070696,0.0188116241661932,0.399611305678989,0.473661494196926,1.00141703237224,2700,2017,"MM.p.w",NA,"Africa"
16,0.441753318192143,0.0170041587311804,0.408001712412038,0.475112036187341,1.00338310867224,740,2018,"MM.p.w",NA,"Africa"
17,0.303830692643508,0.0169233574448059,0.27158275692328,0.337485924082241,1.00370024782836,660,2019,"MM.p.w",NA,"Africa"
1,0.378627968337731,NA,NA,NA,NA,NA,2003,"Observed",NA,"Africa"
2,0.490438695163105,NA,NA,NA,NA,NA,2004,"Observed",NA,"Africa"
3,0.370619946091644,NA,NA,NA,NA,NA,2005,"Observed",NA,"Africa"
4,0.343878954607978,NA,NA,NA,NA,NA,2006,"Observed",NA,"Africa"
5,0.49375,NA,NA,NA,NA,NA,2007,"Observed",NA,"Africa"
6,0.508844953173777,NA,NA,NA,NA,NA,2008,"Observed",NA,"Africa"
7,0.339506172839506,NA,NA,NA,NA,NA,2009,"Observed",NA,"Africa"
8,0.569679849340866,NA,NA,NA,NA,NA,2010,"Observed",NA,"Africa"
9,0.694903581267218,NA,NA,NA,NA,NA,2011,"Observed",NA,"Africa"
10,0.557446808510638,NA,NA,NA,NA,NA,2012,"Observed",NA,"Africa"
11,0.528405201916496,NA,NA,NA,NA,NA,2013,"Observed",NA,"Africa"
12,0.540428472702142,NA,NA,NA,NA,NA,2014,"Observed",NA,"Africa"
13,0.539787798408488,NA,NA,NA,NA,NA,2015,"Observed",NA,"Africa"
14,0.483646485734168,NA,NA,NA,NA,NA,2016,"Observed",NA,"Africa"
15,0.414663461538462,NA,NA,NA,NA,NA,2017,"Observed",NA,"Africa"
16,0.428785607196402,NA,NA,NA,NA,NA,2018,"Observed",NA,"Africa"
17,0.253477588871716,NA,NA,NA,NA,NA,2019,"Observed",NA,"Africa"
1,0.404303638,NA,0.30233378148,0.50627349452,NA,NA,2003,"LSMeans",0.052025437,"Africa"
2,0.47442244,NA,0.3799457262,0.5688991538,NA,NA,2004,"LSMeans",0.048202405,"Africa"
3,0.389686336,NA,0.2865536252,0.4928190468,NA,NA,2005,"LSMeans",0.05261873,"Africa"
4,0.391461417,NA,0.28713706344,0.49578577056,NA,NA,2006,"LSMeans",0.053226711,"Africa"
5,0.523964995,NA,0.42454384408,0.62338614592,NA,NA,2007,"LSMeans",0.050725077,"Africa"
6,0.555112023,NA,0.46424582716,0.64597821884,NA,NA,2008,"LSMeans",0.046360304,"Africa"
7,0.442008182,NA,0.36218850892,0.52182785508,NA,NA,2009,"LSMeans",0.040724323,"Africa"
8,0.648929539,NA,0.56223116556,0.73562791244,NA,NA,2010,"LSMeans",0.044233864,"Africa"
9,0.76578537,NA,0.69033550908,0.84123523092,NA,NA,2011,"LSMeans",0.038494827,"Africa"
10,0.672305754,NA,0.60505792076,0.73955358724,NA,NA,2012,"LSMeans",0.034310119,"Africa"
11,0.641662411,NA,0.56624598572,0.71707883628,NA,NA,2013,"LSMeans",0.038477768,"Africa"
12,0.634793135,NA,0.56010002812,0.70948624188,NA,NA,2014,"LSMeans",0.038108728,"Africa"
13,0.617325751,NA,0.54508784596,0.68956365604,NA,NA,2015,"LSMeans",0.036856074,"Africa"
14,0.568043937,NA,0.49247559016,0.64361228384,NA,NA,2016,"LSMeans",0.038555279,"Africa"
15,0.523270233,NA,0.45207421888,0.59446624712,NA,NA,2017,"LSMeans",0.036324497,"Africa"
16,0.53576764,NA,0.45532747208,0.61620780792,NA,NA,2018,"LSMeans",0.041040902,"Africa"
17,0.377651858,NA,0.29359638776,0.46170732824,NA,NA,2019,"LSMeans",0.042885444,"Africa"
1,0.696498054474708,NA,NA,NA,NA,NA,2003,"Observed",NA,"Central Africa"
1,0.240131578947368,NA,NA,NA,NA,NA,2003,"Observed",NA,"Eastern Africa"
1,0.144508670520231,NA,NA,NA,NA,NA,2003,"Observed",NA,"Southern Africa"
1,0.416666666666667,NA,NA,NA,NA,NA,2003,"Observed",NA,"West Africa"
2,0.723716381418093,NA,NA,NA,NA,NA,2004,"Observed",NA,"Central Africa"
2,0.405529953917051,NA,NA,NA,NA,NA,2004,"Observed",NA,"Eastern Africa"
2,0.147321428571429,NA,NA,NA,NA,NA,2004,"Observed",NA,"Southern Africa"
2,0.487179487179487,NA,NA,NA,NA,NA,2004,"Observed",NA,"West Africa"
3,0.470149253731343,NA,NA,NA,NA,NA,2005,"Observed",NA,"Central Africa"
3,0.322033898305085,NA,NA,NA,NA,NA,2005,"Observed",NA,"Eastern Africa"
3,0.290123456790123,NA,NA,NA,NA,NA,2005,"Observed",NA,"Southern Africa"
3,0.411764705882353,NA,NA,NA,NA,NA,2005,"Observed",NA,"West Africa"
4,0.396396396396396,NA,NA,NA,NA,NA,2006,"Observed",NA,"Central Africa"
4,0.421602787456446,NA,NA,NA,NA,NA,2006,"Observed",NA,"Eastern Africa"
4,0.183962264150943,NA,NA,NA,NA,NA,2006,"Observed",NA,"Southern Africa"
4,0.333333333333333,NA,NA,NA,NA,NA,2006,"Observed",NA,"West Africa"
5,0.777777777777778,NA,NA,NA,NA,NA,2007,"Observed",NA,"West Africa"
5,0.816849816849817,NA,NA,NA,NA,NA,2007,"Observed",NA,"Central Africa"
5,0.385665529010239,NA,NA,NA,NA,NA,2007,"Observed",NA,"Eastern Africa"
5,0.208333333333333,NA,NA,NA,NA,NA,2007,"Observed",NA,"Southern Africa"
6,0.810077519379845,NA,NA,NA,NA,NA,2008,"Observed",NA,"Central Africa"
6,0.456179775280899,NA,NA,NA,NA,NA,2008,"Observed",NA,"Eastern Africa"
6,0.195454545454545,NA,NA,NA,NA,NA,2008,"Observed",NA,"Southern Africa"
6,0.894736842105263,NA,NA,NA,NA,NA,2008,"Observed",NA,"West Africa"
7,0.717741935483871,NA,NA,NA,NA,NA,2009,"Observed",NA,"Central Africa"
7,0.264492753623188,NA,NA,NA,NA,NA,2009,"Observed",NA,"Eastern Africa"
7,0.298969072164948,NA,NA,NA,NA,NA,2009,"Observed",NA,"Southern Africa"
7,0.849056603773585,NA,NA,NA,NA,NA,2009,"Observed",NA,"West Africa"
8,0.835294117647059,NA,NA,NA,NA,NA,2010,"Observed",NA,"Central Africa"
8,0.550774526678141,NA,NA,NA,NA,NA,2010,"Observed",NA,"Eastern Africa"
8,0.519685039370079,NA,NA,NA,NA,NA,2010,"Observed",NA,"Southern Africa"
8,0.192982456140351,NA,NA,NA,NA,NA,2010,"Observed",NA,"West Africa"
9,0.593548387096774,NA,NA,NA,NA,NA,2011,"Observed",NA,"Southern Africa"
9,0.681818181818182,NA,NA,NA,NA,NA,2011,"Observed",NA,"West Africa"
9,0.877622377622378,NA,NA,NA,NA,NA,2011,"Observed",NA,"Central Africa"
9,0.669950738916256,NA,NA,NA,NA,NA,2011,"Observed",NA,"Eastern Africa"
10,0.866666666666667,NA,NA,NA,NA,NA,2012,"Observed",NA,"Central Africa"
10,0.615384615384615,NA,NA,NA,NA,NA,2012,"Observed",NA,"Eastern Africa"
10,0.368045649072753,NA,NA,NA,NA,NA,2012,"Observed",NA,"Southern Africa"
10,0.868852459016393,NA,NA,NA,NA,NA,2012,"Observed",NA,"West Africa"
11,0.726027397260274,NA,NA,NA,NA,NA,2013,"Observed",NA,"Central Africa"
11,0.584093872229465,NA,NA,NA,NA,NA,2013,"Observed",NA,"Eastern Africa"
11,0.376,NA,NA,NA,NA,NA,2013,"Observed",NA,"Southern Africa"
11,0.625,NA,NA,NA,NA,NA,2013,"Observed",NA,"West Africa"
12,0.872427983539095,NA,NA,NA,NA,NA,2014,"Observed",NA,"Central Africa"
12,0.523281596452328,NA,NA,NA,NA,NA,2014,"Observed",NA,"Eastern Africa"
12,0.389805097451274,NA,NA,NA,NA,NA,2014,"Observed",NA,"Southern Africa"
12,0.86046511627907,NA,NA,NA,NA,NA,2014,"Observed",NA,"West Africa"
13,0.491666666666667,NA,NA,NA,NA,NA,2015,"Observed",NA,"Eastern Africa"
13,0.364516129032258,NA,NA,NA,NA,NA,2015,"Observed",NA,"Southern Africa"
13,0.895287958115183,NA,NA,NA,NA,NA,2015,"Observed",NA,"West Africa"
13,0.834101382488479,NA,NA,NA,NA,NA,2015,"Observed",NA,"Central Africa"
14,0.811244979919679,NA,NA,NA,NA,NA,2016,"Observed",NA,"Central Africa"
14,0.350348027842227,NA,NA,NA,NA,NA,2016,"Observed",NA,"Eastern Africa"
14,0.400295420974889,NA,NA,NA,NA,NA,2016,"Observed",NA,"Southern Africa"
14,0.8875,NA,NA,NA,NA,NA,2016,"Observed",NA,"West Africa"
15,0.7,NA,NA,NA,NA,NA,2017,"Observed",NA,"Central Africa"
15,0.238286479250335,NA,NA,NA,NA,NA,2017,"Observed",NA,"Eastern Africa"
15,0.5,NA,NA,NA,NA,NA,2017,"Observed",NA,"Southern Africa"
15,0.731707317073171,NA,NA,NA,NA,NA,2017,"Observed",NA,"West Africa"
16,0.776470588235294,NA,NA,NA,NA,NA,2018,"Observed",NA,"Central Africa"
16,0.341304347826087,NA,NA,NA,NA,NA,2018,"Observed",NA,"Eastern Africa"
16,0.401550387596899,NA,NA,NA,NA,NA,2018,"Observed",NA,"Southern Africa"
16,0.406779661016949,NA,NA,NA,NA,NA,2018,"Observed",NA,"West Africa"
17,0.734375,NA,NA,NA,NA,NA,2019,"Observed",NA,"Central Africa"
17,0.263403263403263,NA,NA,NA,NA,NA,2019,"Observed",NA,"Eastern Africa"
17,0.155714285714286,NA,NA,NA,NA,NA,2019,"Observed",NA,"Southern Africa"
17,0.324324324324324,NA,NA,NA,NA,NA,2019,"Observed",NA,"West Africa"
1,0.539275650550188,0.0500081610495582,0.444518530651792,0.636581465131257,1.00160523556187,2100,2003,"MM.p.uw",NA,"Central Africa"
2,0.563866409553996,0.0480267010438692,0.472086719155066,0.660753268546238,1.00074639968606,4500,2004,"MM.p.uw",NA,"Central Africa"
3,0.466297367779424,0.0585792208681526,0.355057006489235,0.585281534116858,1.00129691685489,3200,2005,"MM.p.uw",NA,"Central Africa"
4,0.40256782234458,0.0708875900005947,0.263541111131398,0.53849469708974,1.00237322162639,1200,2006,"MM.p.uw",NA,"Central Africa"
5,0.549589164244944,0.0654588580167897,0.419672921365339,0.679283049947614,1.00278891691268,940,2007,"MM.p.uw",NA,"Central Africa"
6,0.660643001009378,0.0400839244349284,0.579546411267871,0.737157833639157,1.00096733794133,4500,2008,"MM.p.uw",NA,"Central Africa"
7,0.667602663745084,0.0512049302768162,0.565589350823239,0.766698959343524,1.00103438719247,4500,2009,"MM.p.uw",NA,"Central Africa"
8,0.66322774065384,0.0434767808851699,0.576647630581044,0.748471609326991,1.00102588393663,4500,2010,"MM.p.uw",NA,"Central Africa"
9,0.763944417546082,0.0321748433563928,0.694301669977256,0.821712583241354,1.00552140486794,410,2011,"MM.p.uw",NA,"Central Africa"
10,0.801818833908027,0.031023788533868,0.731765112243219,0.854699995035895,1.00563064804483,410,2012,"MM.p.uw",NA,"Central Africa"
11,0.74883873832,0.045261712153338,0.655982080821672,0.827043207070915,1.00082454501107,4500,2013,"MM.p.uw",NA,"Central Africa"
12,0.816780904961895,0.0344866022872461,0.73874355628489,0.872068033784646,1.00786211934785,280,2014,"MM.p.uw",NA,"Central Africa"
13,0.802540482181807,0.053946628661111,0.683788708400366,0.889962495733388,1.00150310652147,2400,2015,"MM.p.uw",NA,"Central Africa"
14,0.769621127448976,0.0551149018464284,0.644527199058651,0.857485478599423,1.00085099494765,4500,2016,"MM.p.uw",NA,"Central Africa"
15,0.702793106854833,0.0585147320975777,0.572108345247317,0.802348267913537,1.0010014578869,4500,2017,"MM.p.uw",NA,"Central Africa"
16,0.788474817063583,0.0514317404555903,0.67258037401027,0.869491449269594,1.00180366554211,1800,2018,"MM.p.uw",NA,"Central Africa"
17,0.678894153160418,0.0780056787113964,0.505944984600264,0.812696298012969,1.00116167688611,4000,2019,"MM.p.uw",NA,"Central Africa"
1,0.337422260221498,0.0495849407095301,0.244058331152034,0.437297546169116,1.00349333847837,710,2003,"MM.p.uw",NA,"Eastern Africa"
2,0.419234126886982,0.0456225728320709,0.330330843217463,0.511261842334536,1.00215999879283,1300,2004,"MM.p.uw",NA,"Eastern Africa"
3,0.341385636033859,0.0466991896906121,0.251891914668115,0.434183145322285,1.00074696857063,4500,2005,"MM.p.uw",NA,"Eastern Africa"
4,0.507703216401108,0.0455526163535229,0.418327454094454,0.594193824110842,1.00316672559574,800,2006,"MM.p.uw",NA,"Eastern Africa"
5,0.370703039366078,0.049009375472896,0.276090476658047,0.467678549368028,1.00117391458291,3900,2007,"MM.p.uw",NA,"Eastern Africa"
6,0.453947612059193,0.0468682664056771,0.361603540735249,0.543909837286729,1.0008680342969,4500,2008,"MM.p.uw",NA,"Eastern Africa"
7,0.403509324824461,0.0433803226525612,0.32085521284459,0.488411088123181,1.00161076558341,2100,2009,"MM.p.uw",NA,"Eastern Africa"
8,0.549032405466606,0.0371147880757846,0.476744266541125,0.621522268831095,1.00081058423207,4500,2010,"MM.p.uw",NA,"Eastern Africa"
9,0.707701924440831,0.0275022580124911,0.650599741597095,0.760635181489495,1.00074390544026,4500,2011,"MM.p.uw",NA,"Eastern Africa"
10,0.589454751311336,0.0256936978256299,0.538596934280593,0.639021295335675,1.00299129023313,860,2012,"MM.p.uw",NA,"Eastern Africa"
11,0.603111654121396,0.0309665934452186,0.54121600469189,0.663324021595818,1.00137374574683,2800,2013,"MM.p.uw",NA,"Eastern Africa"
12,0.55930104814468,0.0361889935097087,0.488946307273078,0.630091746444081,1.00069881770594,4500,2014,"MM.p.uw",NA,"Eastern Africa"
13,0.536220334448483,0.0362583414878473,0.46638370511926,0.606787723075596,1.00229916687924,1200,2015,"MM.p.uw",NA,"Eastern Africa"
14,0.425061995274561,0.0381712683910924,0.351867683497703,0.500664896336807,1.00109192688868,4500,2016,"MM.p.uw",NA,"Eastern Africa"
15,0.368161808687361,0.0373329027930159,0.297194351651985,0.441609021213986,1.00093314623611,4500,2017,"MM.p.uw",NA,"Eastern Africa"
16,0.435632965226356,0.0320868628793069,0.37312070189419,0.499901612889975,1.00103676751633,4500,2018,"MM.p.uw",NA,"Eastern Africa"
17,0.284037285606932,0.0339297120944975,0.222571200661808,0.352266497740325,1.00099219142591,4500,2019,"MM.p.uw",NA,"Eastern Africa"
1,0.402299222275159,0.0781084558743897,0.250248569958804,0.555726386719175,1.00068417907159,4500,2003,"MM.p.uw",NA,"Southern Africa"
2,0.394148719051,0.0710166556970157,0.256757522399657,0.533618978832928,1.00082300204529,4500,2004,"MM.p.uw",NA,"Southern Africa"
3,0.528968640136081,0.0676235149540995,0.394416406122803,0.653792551025711,1.00311572976747,820,2005,"MM.p.uw",NA,"Southern Africa"
4,0.379853262600975,0.0762839841911207,0.232221219932319,0.525029837237911,1.00117296540576,3900,2006,"MM.p.uw",NA,"Southern Africa"
5,0.370867225571922,0.0657008864427569,0.245919435563503,0.498898991901125,1.00210190640271,1700,2007,"MM.p.uw",NA,"Southern Africa"
6,0.414422211100194,0.0686702766806226,0.282401633622906,0.546579369449566,1.00192233177417,1600,2008,"MM.p.uw",NA,"Southern Africa"
7,0.396014848537168,0.0632470982729857,0.273363204588117,0.518251950823317,1.00744073075974,300,2009,"MM.p.uw",NA,"Southern Africa"
8,0.476286032480172,0.0596175497977186,0.355665783083266,0.591613380708697,1.0014608465648,2500,2010,"MM.p.uw",NA,"Southern Africa"
9,0.590393826345586,0.0545035196400209,0.477729378076238,0.68993324259137,1.00192992054606,1600,2011,"MM.p.uw",NA,"Southern Africa"
10,0.515807189105475,0.0556028418670348,0.40332980578012,0.61926889260425,1.00431501444523,550,2012,"MM.p.uw",NA,"Southern Africa"
11,0.454670451746045,0.0564317873996486,0.345269369441837,0.56415716602339,1.00067706315259,4500,2013,"MM.p.uw",NA,"Southern Africa"
12,0.490522220712806,0.0557872843415017,0.379713844898024,0.596339464975671,1.00096889653035,4500,2014,"MM.p.uw",NA,"Southern Africa"
13,0.528452789262579,0.0485665921938264,0.429687166766594,0.621058755942536,1.00247650900885,1100,2015,"MM.p.uw",NA,"Southern Africa"
14,0.51739364609181,0.0459251134747538,0.427122972437504,0.605457499603276,1.00078052919269,4500,2016,"MM.p.uw",NA,"Southern Africa"
15,0.500523919665191,0.0497184800976891,0.399744091858617,0.596680054543635,1.00077079525204,4500,2017,"MM.p.uw",NA,"Southern Africa"
16,0.399909838116959,0.0264036709850163,0.350905464938293,0.455619346260694,1.00183260558071,1700,2018,"MM.p.uw",NA,"Southern Africa"
17,0.31515552160338,0.0300633652145323,0.255149248432435,0.372785118454974,1.00212630883441,1400,2019,"MM.p.uw",NA,"Southern Africa"
1,0.431956402285804,0.0997874946266125,0.241721982505307,0.62990012768222,1.00220058083469,1300,2003,"MM.p.uw",NA,"West Africa"
2,0.501690194036133,0.0835261353888846,0.34104204130015,0.661862738267861,1.00109587475739,4500,2004,"MM.p.uw",NA,"West Africa"
3,0.362988226391923,0.119309309490015,0.156189317119712,0.608976099597271,1.00091434841107,4500,2005,"MM.p.uw",NA,"West Africa"
4,0.360706860429142,0.200486192499086,0.0528064449682669,0.780846339220083,1.00166006767118,2000,2006,"MM.p.uw",NA,"West Africa"
5,0.622341758768608,0.142738942343629,0.332336023777939,0.871349284650843,1.00113339359489,4300,2007,"MM.p.uw",NA,"West Africa"
6,0.772252868443464,0.0904608665627176,0.57581051703705,0.9196109371865,1.00452657227948,520,2008,"MM.p.uw",NA,"West Africa"
7,0.766363953422068,0.0729905966947977,0.61107348235976,0.890917194560224,1.00228938568782,1200,2009,"MM.p.uw",NA,"West Africa"
8,0.31263005138453,0.102661855522326,0.135355867519369,0.528062543920975,1.0068776602818,320,2010,"MM.p.uw",NA,"West Africa"
9,0.669853407959555,0.0937695441011485,0.471959219622407,0.832423175845754,1.00089615803531,4500,2011,"MM.p.uw",NA,"West Africa"
10,0.799984024661381,0.0858340190591437,0.598891962279114,0.92888520752561,1.0025747626315,1000,2012,"MM.p.uw",NA,"West Africa"
11,0.654028163405586,0.0735069456831535,0.50331463636508,0.787874369297227,1.00352361488352,780,2013,"MM.p.uw",NA,"West Africa"
12,0.73305011782279,0.0781234546583893,0.563263062309702,0.864884789830185,1.00309115380535,1300,2014,"MM.p.uw",NA,"West Africa"
13,0.639164565465038,0.0904076215253996,0.449804076183864,0.801027247975004,1.00905836734139,240,2015,"MM.p.uw",NA,"West Africa"
14,0.844082830994961,0.0728084352262366,0.664760744663597,0.934119426492057,1.005214556749,440,2016,"MM.p.uw",NA,"West Africa"
15,0.833297152570728,0.0725837228806743,0.66461582804238,0.937966458684384,1.00125736680037,3400,2017,"MM.p.uw",NA,"West Africa"
16,0.56946102790483,0.109232257309019,0.35585895449883,0.773424800491632,1.00228977173659,1200,2018,"MM.p.uw",NA,"West Africa"
17,0.500462874131461,0.105003096137994,0.299312383553609,0.700580529417564,1.00152180197726,2300,2019,"MM.p.uw",NA,"West Africa"
1,0.534442155450677,0.0558413278816577,0.427869106219086,0.644984617755777,1.00214358321993,1400,2003,"MM.p.w",NA,"Central Africa"
2,0.631051860250313,0.0400006763812047,0.549877369467472,0.705972595284408,1.00074648287745,4500,2004,"MM.p.w",NA,"Central Africa"
3,0.389739714943531,0.0644913516810015,0.270902349808067,0.519434383703248,1.00258908195715,1000,2005,"MM.p.w",NA,"Central Africa"
4,0.451781285880025,0.135204116090983,0.224992795005218,0.704811029744689,1.00136790657156,2800,2006,"MM.p.w",NA,"Central Africa"
5,0.712957951074779,0.118627196528216,0.467056895065404,0.869531644539246,1.00231151265071,1200,2007,"MM.p.w",NA,"Central Africa"
6,0.714306629399982,0.0501991099978446,0.592329075963635,0.793210639584041,1.00191591060895,2000,2008,"MM.p.w",NA,"Central Africa"
7,0.704330132948225,0.104407934082459,0.48447689345968,0.872543513873878,1.00074071383098,4500,2009,"MM.p.w",NA,"Central Africa"
8,0.72952836804042,0.0812096073815266,0.569030289988002,0.845377603240514,1.00110404441131,4500,2010,"MM.p.w",NA,"Central Africa"
9,0.829439771873229,0.0270374428015282,0.770124987855835,0.878064881158704,1.00530544272755,430,2011,"MM.p.w",NA,"Central Africa"
10,0.86301766671383,0.0290752362393986,0.797008371376187,0.911409910690002,1.00453485029751,620,2012,"MM.p.w",NA,"Central Africa"
11,0.698454059515104,0.0614395251928714,0.534055997638276,0.77763429629646,1.00085012637443,4500,2013,"MM.p.w",NA,"Central Africa"
12,0.830759159305373,0.0244453832501651,0.771228331699142,0.869242251339787,1.00831111167901,280,2014,"MM.p.w",NA,"Central Africa"
13,0.832149575309851,0.0385816392671253,0.749254272106061,0.895698800677083,1.00128648130134,3200,2015,"MM.p.w",NA,"Central Africa"
14,0.769473371126912,0.0391543029498218,0.677242502525166,0.838222412921754,1.00170095710596,4500,2016,"MM.p.w",NA,"Central Africa"
15,0.741732020530476,0.039789608264034,0.641520788749655,0.802803970781877,1.00200669005919,1500,2017,"MM.p.w",NA,"Central Africa"
16,0.769949114438256,0.0376164035159253,0.674779058687472,0.826376883713691,1.00499496431993,660,2018,"MM.p.w",NA,"Central Africa"
17,0.693900528359119,0.0502973214734814,0.571201824088786,0.773266907241654,1.00103665598081,4500,2019,"MM.p.w",NA,"Central Africa"
1,0.287781635620307,0.0655570847065811,0.173004288989998,0.428520925978972,1.0022253362559,1300,2003,"MM.p.w",NA,"Eastern Africa"
2,0.345495544693408,0.0664106911221618,0.22536028592899,0.481823847873503,1.0019842175103,1500,2004,"MM.p.w",NA,"Eastern Africa"
3,0.424212537401712,0.0693159930925839,0.296178897533087,0.562817059652376,1.0009529103293,4500,2005,"MM.p.w",NA,"Eastern Africa"
4,0.602249765285935,0.0439001003107718,0.511303981826915,0.684792915977655,1.00354249581566,700,2006,"MM.p.w",NA,"Eastern Africa"
5,0.457480589262491,0.0478357670737346,0.368650297493604,0.554506370487457,1.00104263971865,4500,2007,"MM.p.w",NA,"Eastern Africa"
6,0.540766416515832,0.0490560195247347,0.447613356539789,0.633823951548443,1.0007614480287,4500,2008,"MM.p.w",NA,"Eastern Africa"
7,0.417179197786415,0.0529524875082209,0.320130260827331,0.526744372078865,1.00155196012447,2300,2009,"MM.p.w",NA,"Eastern Africa"
8,0.5849840468247,0.0323248392924651,0.520569526667235,0.647020623573882,1.00111706787209,4400,2010,"MM.p.w",NA,"Eastern Africa"
9,0.742440449190359,0.0199280361252541,0.701549532687607,0.779117625311516,1.00305280286997,840,2011,"MM.p.w",NA,"Eastern Africa"
10,0.618030209299005,0.0204684339803653,0.576813458940991,0.658133197073247,1.00480210860037,490,2012,"MM.p.w",NA,"Eastern Africa"
11,0.681078491974926,0.0217739425026951,0.63620766811199,0.721617535508929,1.00686275128296,320,2013,"MM.p.w",NA,"Eastern Africa"
12,0.612624802247814,0.0261331946234415,0.559976104565932,0.661255151330164,1.00070230396571,4500,2014,"MM.p.w",NA,"Eastern Africa"
13,0.590656828111758,0.0235226168961826,0.543209110824336,0.635781820255612,1.00321874448453,790,2015,"MM.p.w",NA,"Eastern Africa"
14,0.403483775141985,0.0292064973085271,0.347769101790582,0.460381482342553,1.00104030350933,4500,2016,"MM.p.w",NA,"Eastern Africa"
15,0.316338030426815,0.030776486780075,0.256324314006368,0.376536892186253,1.00115295548395,4100,2017,"MM.p.w",NA,"Eastern Africa"
16,0.377523312077118,0.0329848578484033,0.312287107406298,0.443339998463837,1.00093540414117,4500,2018,"MM.p.w",NA,"Eastern Africa"
17,0.258186598049575,0.0309569345594323,0.200358017610534,0.31936690024445,1.0018868000108,1600,2019,"MM.p.w",NA,"Eastern Africa"
1,0.274933831543962,0.0548843422740432,0.161371523678012,0.378260659510462,1.00099091078921,4500,2003,"MM.p.w",NA,"Southern Africa"
2,0.270948830968525,0.0516146580508782,0.162626378507916,0.364408271682823,1.00170795826704,1900,2004,"MM.p.w",NA,"Southern Africa"
3,0.418551285184847,0.0509738727038361,0.310981359102328,0.511243467299006,1.00346934135343,990,2005,"MM.p.w",NA,"Southern Africa"
4,0.259005790850456,0.0517139160185758,0.152097249320581,0.352796393438814,1.00083659579162,4500,2006,"MM.p.w",NA,"Southern Africa"
5,0.289848370343392,0.0398007520965387,0.214919724828607,0.367898537027042,1.0010283937618,4500,2007,"MM.p.w",NA,"Southern Africa"
6,0.294958234872369,0.0393979552459222,0.220109509411203,0.373732676291496,1.00202352112902,1500,2008,"MM.p.w",NA,"Southern Africa"
7,0.31168546684663,0.0357440634555726,0.243090114517367,0.379989838340923,1.00441920885492,540,2009,"MM.p.w",NA,"Southern Africa"
8,0.400217601718799,0.0395935267667055,0.321939337350435,0.476918779713274,1.00364481094367,670,2010,"MM.p.w",NA,"Southern Africa"
9,0.493465647808026,0.0374255998845804,0.417857757464254,0.564160751500017,1.00185775400661,1700,2011,"MM.p.w",NA,"Southern Africa"
10,0.388763252655826,0.032543197673686,0.321092128270271,0.448557427956323,1.00399792451091,600,2012,"MM.p.w",NA,"Southern Africa"
11,0.317677603347514,0.0319769789874742,0.254494610278067,0.378746611774902,1.0008299477346,4500,2013,"MM.p.w",NA,"Southern Africa"
12,0.35094881347876,0.037630685754515,0.270219122707381,0.418875248617257,1.00091517242154,4500,2014,"MM.p.w",NA,"Southern Africa"
13,0.393897658056628,0.0306128917018905,0.330830728535909,0.450052729537834,1.00347347732024,710,2015,"MM.p.w",NA,"Southern Africa"
14,0.349853887666504,0.0283001968085548,0.290620659153289,0.40077551119311,1.00084625480392,4500,2016,"MM.p.w",NA,"Southern Africa"
15,0.398960303913289,0.0310853398688992,0.33730907119557,0.45766425237461,1.00071615211502,4500,2017,"MM.p.w",NA,"Southern Africa"
16,0.362935756716413,0.0199129180447357,0.323181771879477,0.401051047424642,1.00119532668853,3800,2018,"MM.p.w",NA,"Southern Africa"
17,0.209997267648767,0.0196423981705734,0.172232676424914,0.248540806483609,1.00457744438891,510,2019,"MM.p.w",NA,"Southern Africa"
1,0.419703609260649,0.110988540276117,0.216260872359084,0.642976059018759,1.00244134444568,1100,2003,"MM.p.w",NA,"West Africa"
2,0.390326528314386,0.0919697083589951,0.227876088674212,0.576736705701003,1.00353334139253,700,2004,"MM.p.w",NA,"West Africa"
3,0.326736796950035,0.119141517046307,0.131390039904843,0.575971719653278,1.00071699624647,4500,2005,"MM.p.w",NA,"West Africa"
4,0.345217119933913,0.191882943977422,0.0583425853818596,0.760128498910097,1.00120347896577,3700,2006,"MM.p.w",NA,"West Africa"
5,0.619300392771351,0.16079644106494,0.29294482381769,0.88359296742412,1.00087968026624,4500,2007,"MM.p.w",NA,"West Africa"
6,0.733002464654062,0.0960932644917366,0.529437868805996,0.907407575711725,1.00125363184519,3400,2008,"MM.p.w",NA,"West Africa"
7,0.818896594571035,0.0584658114246273,0.687328689953875,0.912411736127896,1.00245288775638,1100,2009,"MM.p.w",NA,"West Africa"
8,0.321910997342265,0.101048753775059,0.145184987652516,0.52826848425457,1.00274019545142,970,2010,"MM.p.w",NA,"West Africa"
9,0.708224303960643,0.0707858456552443,0.561037472266841,0.837095179588025,1.00133809679068,3000,2011,"MM.p.w",NA,"West Africa"
10,0.837182274964747,0.0589905628199724,0.70381614232632,0.93084650901976,1.00249324930845,1100,2012,"MM.p.w",NA,"West Africa"
11,0.72693774623973,0.0977056964639846,0.486278218684427,0.866392873047346,1.00109921387497,4500,2013,"MM.p.w",NA,"West Africa"
12,0.826514235396743,0.0507023481256015,0.717656794006258,0.912300362229918,1.00086607178339,4500,2014,"MM.p.w",NA,"West Africa"
13,0.67661541672114,0.0859884864898128,0.499954566027777,0.812957738515775,1.00567841538608,400,2015,"MM.p.w",NA,"West Africa"
14,0.857250878568516,0.0637571404113835,0.69661385353093,0.94089847354291,1.0033752989821,740,2016,"MM.p.w",NA,"West Africa"
15,0.751521155358847,0.0746558573701013,0.574287189172715,0.872032775967679,1.00081959893307,4500,2017,"MM.p.w",NA,"West Africa"
16,0.561110491123738,0.0936542182283592,0.379201467377306,0.716765620384159,1.00162047439855,2100,2018,"MM.p.w",NA,"West Africa"
17,0.373024025572231,0.0621092028822709,0.256040923438983,0.495844129929944,1.00124695903321,3400,2019,"MM.p.w",NA,"West Africa"
1,0.59716467,NA,0.43848531028,0.75584402972,NA,NA,2003,"LSMeans",0.080958857,"Central Africa"
1,0.216141028,NA,0.08625606356,0.34602599244,NA,NA,2003,"LSMeans",0.066267839,"Eastern Africa"
1,0.365508603,NA,0.19621371276,0.53480349324,NA,NA,2003,"LSMeans",0.086374944,"Southern Africa"
1,0.42274456,NA,0.12462043384,0.72086868616,NA,NA,2003,"LSMeans",0.152104146,"West Africa"
2,0.588781973,NA,0.45381791944,0.72374602656,NA,NA,2004,"LSMeans",0.068859211,"Central Africa"
2,0.367809815,NA,0.22439115444,0.51122847556,NA,NA,2004,"LSMeans",0.073172786,"Eastern Africa"
2,0.38361681,NA,0.2421028206,0.5251307994,NA,NA,2004,"LSMeans",0.072201015,"Southern Africa"
2,0.484497064,NA,0.24746110848,0.72153301952,NA,NA,2004,"LSMeans",0.120936712,"West Africa"
3,0.371968623,NA,0.21186035076,0.53207689524,NA,NA,2005,"LSMeans",0.081687894,"Central Africa"
3,0.305433955,NA,0.17528401816,0.43558389184,NA,NA,2005,"LSMeans",0.066403029,"Eastern Africa"
3,0.499743875,NA,0.33029912904,0.66918862096,NA,NA,2005,"LSMeans",0.086451401,"Southern Africa"
3,0.39068461,NA,0.05226984576,0.72909937424,NA,NA,2005,"LSMeans",0.172660594,"West Africa"
4,0.234311977,NA,0.06206264352,0.40656131048,NA,NA,2006,"LSMeans",0.087882313,"Central Africa"
4,0.390225915,NA,0.26035595436,0.52009587564,NA,NA,2006,"LSMeans",0.066260184,"Eastern Africa"
4,0.364843268,NA,0.22100296636,0.50868356964,NA,NA,2006,"LSMeans",0.073387909,"Southern Africa"
4,0.321472995,NA,-0.2392147284,0.8821607184,NA,NA,2006,"LSMeans",0.286065165,"West Africa"
5,0.866115048,NA,0.52237569288,1.20985440312,NA,NA,2007,"LSMeans",0.175377222,"West Africa"
5,0.625196394,NA,0.45830729988,0.79208548812,NA,NA,2007,"LSMeans",0.085147497,"Central Africa"
5,0.328415706,NA,0.19781692916,0.45901448284,NA,NA,2007,"LSMeans",0.066632029,"Eastern Africa"
5,0.430346547,NA,0.28232185312,0.57837124088,NA,NA,2007,"LSMeans",0.075522803,"Southern Africa"
6,0.677331383,NA,0.51697816956,0.83768459644,NA,NA,2008,"LSMeans",0.081812864,"Central Africa"
6,0.413877876,NA,0.2965309708,0.5312247812,NA,NA,2008,"LSMeans",0.05987087,"Eastern Africa"
6,0.384301173,NA,0.2429336152,0.5256687308,NA,NA,2008,"LSMeans",0.072126305,"Southern Africa"
6,0.829513617,NA,0.58625644116,1.07277079284,NA,NA,2008,"LSMeans",0.124110804,"West Africa"
7,0.634853097,NA,0.41363856136,0.85606763264,NA,NA,2009,"LSMeans",0.112864559,"Central Africa"
7,0.240937158,NA,0.13640350584,0.34547081016,NA,NA,2009,"LSMeans",0.053333496,"Eastern Africa"
7,0.487423101,NA,0.362472513,0.612373689,NA,NA,2009,"LSMeans",0.0637503,"Southern Africa"
7,0.830618451,NA,0.62872973292,1.03250716908,NA,NA,2009,"LSMeans",0.103004448,"West Africa"
8,0.719783525,NA,0.52736401184,0.91220303816,NA,NA,2010,"LSMeans",0.098173221,"Central Africa"
8,0.477395202,NA,0.36666731088,0.58812309312,NA,NA,2010,"LSMeans",0.056493822,"Eastern Africa"
8,0.429290714,NA,0.2984969936,0.5600844344,NA,NA,2010,"LSMeans",0.06673149,"Southern Africa"
8,0.184682924,NA,-0.01985303672,0.38921888472,NA,NA,2010,"LSMeans",0.104355082,"West Africa"
9,0.550267389,NA,0.42338357656,0.67715120144,NA,NA,2011,"LSMeans",0.064736639,"Southern Africa"
9,0.69233078,NA,0.46990609724,0.91475546276,NA,NA,2011,"LSMeans",0.113481981,"West Africa"
9,0.869609416,NA,0.7154708412,1.0237479908,NA,NA,2011,"LSMeans",0.07864213,"Central Africa"
9,0.611405096,NA,0.50892877156,0.71388142044,NA,NA,2011,"LSMeans",0.052283839,"Eastern Africa"
10,0.840899543,NA,0.66164147296,1.02015761304,NA,NA,2012,"LSMeans",0.091458199,"Central Africa"
10,0.547435362,NA,0.44737415348,0.64749657052,NA,NA,2012,"LSMeans",0.051051637,"Eastern Africa"
10,0.445919366,NA,0.36278862572,0.52905010628,NA,NA,2012,"LSMeans",0.042413643,"Southern Africa"
10,0.877464937,NA,0.67690488528,1.07802498872,NA,NA,2012,"LSMeans",0.102326557,"West Africa"
11,0.752539489,NA,0.54389224796,0.96118673004,NA,NA,2013,"LSMeans",0.106452674,"Central Africa"
11,0.532659433,NA,0.42861880708,0.63670005892,NA,NA,2013,"LSMeans",0.053081952,"Eastern Africa"
11,0.398615027,NA,0.29969937772,0.49753067628,NA,NA,2013,"LSMeans",0.050467168,"Southern Africa"
11,0.666084563,NA,0.45347863744,0.87869048856,NA,NA,2013,"LSMeans",0.108472411,"West Africa"
12,0.801292198,NA,0.635830223,0.966754173,NA,NA,2014,"LSMeans",0.084419375,"Central Africa"
12,0.472533877,NA,0.35588519436,0.58918255964,NA,NA,2014,"LSMeans",0.059514634,"Eastern Africa"
12,0.426982826,NA,0.3426541396,0.5113115124,NA,NA,2014,"LSMeans",0.04302484,"Southern Africa"
12,0.903135681,NA,0.72829406132,1.07797730068,NA,NA,2014,"LSMeans",0.089204908,"West Africa"
13,0.434271188,NA,0.31931074156,0.54923163444,NA,NA,2015,"LSMeans",0.058653289,"Eastern Africa"
13,0.439326159,NA,0.34984924644,0.52880307156,NA,NA,2015,"LSMeans",0.045651486,"Southern Africa"
13,0.917077767,NA,0.76530541396,1.06885012004,NA,NA,2015,"LSMeans",0.077434874,"West Africa"
13,0.772389802,NA,0.59789452804,0.94688507596,NA,NA,2015,"LSMeans",0.089028201,"Central Africa"
14,0.78308753,NA,0.61979842276,0.94637663724,NA,NA,2016,"LSMeans",0.083310769,"Central Africa"
14,0.304615295,NA,0.186842472,0.422388118,NA,NA,2016,"LSMeans",0.060088175,"Eastern Africa"
14,0.425013908,NA,0.33789958532,0.51212823068,NA,NA,2016,"LSMeans",0.044446083,"Southern Africa"
14,0.932758287,NA,0.7500193138,1.1154972602,NA,NA,2016,"LSMeans",0.09323417,"West Africa"
15,0.704916621,NA,0.53091813452,0.87891510748,NA,NA,2017,"LSMeans",0.088774738,"Central Africa"
15,0.212355676,NA,0.10668433792,0.31802701408,NA,NA,2017,"LSMeans",0.053913948,"Eastern Africa"
15,0.516283821,NA,0.43246528536,0.60010235664,NA,NA,2017,"LSMeans",0.042764559,"Southern Africa"
15,0.769762976,NA,0.54300429812,0.99652165388,NA,NA,2017,"LSMeans",0.115693203,"West Africa"
16,0.811469064,NA,0.61363475096,1.00930337704,NA,NA,2018,"LSMeans",0.100935874,"Central Africa"
16,0.299178326,NA,0.18729860364,0.41105804836,NA,NA,2018,"LSMeans",0.057081491,"Eastern Africa"
16,0.524268786,NA,0.43104096264,0.61749660936,NA,NA,2018,"LSMeans",0.047565216,"Southern Africa"
16,0.464682081,NA,0.26063709244,0.66872706956,NA,NA,2018,"LSMeans",0.104104586,"West Africa"
17,0.757042955,NA,0.53113017,0.98295574,NA,NA,2019,"LSMeans",0.115261625,"Central Africa"
17,0.225354945,NA,0.10956545972,0.34114443028,NA,NA,2019,"LSMeans",0.059076268,"Eastern Africa"
17,0.343206943,NA,0.24822955112,0.43818433488,NA,NA,2019,"LSMeans",0.048457853,"Southern Africa"
17,0.334303262,NA,0.0943824158,0.5742241082,NA,NA,2019,"LSMeans",0.122408595,"West Africa"
